Time,o[t],d[t],v[t],M_fl[t],x_0,y_0,x_1,y_1,x_2,y_2,x_3,y_3,x_4,y_4
0,0.999851,0.877254,0.617798,0.541885,-1.388055,1.849998,-1.389894,1.550378,-1.388393,1.700003,-1.394241,1.400000,-1.395966,1.999998
320,0.962965,0.877476,0.251230,0.212283,-1.360970,1.850075,-1.362762,1.551582,-1.361753,1.700071,-1.399151,1.399879,-1.399581,2.000234
640,0.769869,0.877149,0.254477,0.171845,-1.333913,1.850267,-1.335649,1.552899,-1.334680,1.700179,-1.397071,1.397745,-1.397316,2.002173
960,0.500918,0.876480,0.255126,0.112012,-1.306805,1.850490,-1.308704,1.554288,-1.307519,1.700321,-1.397155,1.394594,-1.396671,2.005063
1280,0.321887,0.874602,0.254435,0.071629,-1.279752,1.850679,-1.281591,1.555709,-1.280447,1.700629,-1.400997,1.389830,-1.398553,2.008954
1600,0.262000,0.867067,0.247809,0.056295,-1.252649,1.851048,-1.254515,1.557284,-1.253305,1.701247,-1.405459,1.387156,-1.402168,2.012303
1920,0.255774,0.859384,0.248792,0.054686,-1.225523,1.851702,-1.227513,1.558874,-1.226179,1.702174,-1.409010,1.386031,-1.405271,2.014442
2240,0.381356,0.851178,0.258162,0.083800,-1.198439,1.852529,-1.200511,1.560610,-1.199155,1.703343,-1.412047,1.384477,-1.407536,2.016698
2560,0.595757,0.842570,0.268634,0.134845,-1.171313,1.853467,-1.173387,1.562488,-1.172037,1.704652,-1.413327,1.381735,-1.408082,2.019660
2880,0.776340,0.834133,0.275308,0.178282,-1.144235,1.854584,-1.146355,1.564433,-1.144975,1.706114,-1.412994,1.378749,-1.407091,2.022617
3200,0.912640,0.826119,0.281417,0.212175,-1.117072,1.855799,-1.119401,1.566334,-1.117885,1.707645,-1.411065,1.375982,-1.403364,2.026026
3520,0.967560,0.818751,0.288488,0.228537,-1.090010,1.857172,-1.092293,1.568341,-1.090814,1.709161,-1.407062,1.373258,-1.397924,2.028629
3840,0.995334,0.812536,0.303655,0.245579,-1.062979,1.858698,-1.065217,1.570445,-1.063778,1.710662,-1.400348,1.371148,-1.389008,2.030357
4160,0.997840,0.807963,0.333853,0.269158,-1.035827,1.860345,-1.038210,1.572754,-1.036779,1.712378,-1.388604,1.371509,-1.378877,2.030597
4480,0.986395,0.804882,0.327201,0.259775,-1.008719,1.862114,-1.014995,1.575270,-1.009727,1.714255,-1.375728,1.375154,-1.367497,2.029800
4800,0.944105,0.804926,0.252021,0.191519,-0.981607,1.863878,-1.019019,1.574552,-0.982699,1.716250,-1.365047,1.379735,-1.354599,2.026733
5120,0.839013,0.804682,0.251648,0.169897,-0.954605,1.865671,-1.017510,1.577097,-0.956060,1.718473,-1.355382,1.384515,-1.341726,2.022425
5440,0.695208,0.804657,0.138186,0.077302,-0.927542,1.867453,-1.018015,1.580042,-0.939349,1.720150,-1.348370,1.387197,-1.328900,2.017676
5760,0.568003,0.805981,0.130125,0.059571,-0.902008,1.869420,-1.022910,1.583923,-0.936795,1.721686,-1.341462,1.388986,-1.317144,2.012955
6080,0.406160,0.808460,0.107091,0.035165,-0.884156,1.872301,-1.032507,1.585717,-0.935962,1.724498,-1.335348,1.390431,-1.305833,2.008262
6400,0.246945,0.811265,0.088207,0.017671,-0.870717,1.875936,-1.041743,1.584414,-0.937559,1.727695,-1.329629,1.391567,-1.295521,2.003416
6720,0.177162,0.814343,0.067365,0.009719,-0.860063,1.879899,-1.050338,1.581547,-0.940993,1.729750,-1.324231,1.392284,-1.286003,1.997810
7040,0.214911,0.817423,0.061548,0.010812,-0.851253,1.884065,-1.058141,1.578076,-0.944263,1.730101,-1.319056,1.392593,-1.276929,1.991787
7360,0.361843,0.820496,0.062152,0.018452,-0.843765,1.888229,-1.065284,1.574427,-0.946782,1.728490,-1.313618,1.392682,-1.268162,1.985592
7680,0.472865,0.823823,0.047541,0.018520,-0.839210,1.890918,-1.069729,1.572121,-0.947308,1.725587,-1.307491,1.393692,-1.259627,1.979322
8000,0.552230,0.826665,0.047505,0.021687,-0.835290,1.893030,-1.073367,1.570285,-0.945606,1.723049,-1.301516,1.395210,-1.251238,1.973043
8320,0.563548,0.828597,0.057115,0.026670,-0.831353,1.894867,-1.076613,1.568465,-0.942660,1.722464,-1.295747,1.396874,-1.243507,1.967281
8640,0.581573,0.829743,0.057470,0.027733,-0.827485,1.896623,-1.079531,1.566789,-0.938989,1.722907,-1.290170,1.398593,-1.237391,1.963497
8960,0.671624,0.830652,0.045359,0.025305,-0.823601,1.898270,-1.081882,1.564833,-0.934656,1.721605,-1.284760,1.400197,-1.231141,1.960184
9280,0.851767,0.831410,0.043658,0.030917,-0.819603,1.899582,-1.082319,1.561937,-0.930657,1.720077,-1.279460,1.401532,-1.224845,1.957077
9600,0.958218,0.832227,0.040823,0.032554,-0.815470,1.900558,-1.080397,1.559651,-0.926660,1.718597,-1.274127,1.402592,-1.218520,1.954065
9920,0.968572,0.833735,0.047573,0.038416,-0.811323,1.901297,-1.077455,1.559540,-0.926542,1.717491,-1.268856,1.403460,-1.212274,1.951189
10240,0.940571,0.835210,0.033866,0.026604,-0.807504,1.901924,-1.074590,1.558637,-0.927264,1.716641,-1.263851,1.404305,-1.206219,1.948492
10560,0.970038,0.836383,0.047024,0.038151,-0.803864,1.902390,-1.072243,1.556819,-0.926565,1.717505,-1.258961,1.405005,-1.200294,1.945853
10880,0.949538,0.837800,0.061325,0.048785,-0.800279,1.902929,-1.069301,1.557337,-0.925610,1.718472,-1.254040,1.405682,-1.194426,1.943352
11200,0.886679,0.839288,0.074094,0.055139,-0.796947,1.903875,-1.067511,1.559724,-0.924067,1.719961,-1.249310,1.406465,-1.188710,1.941085
11520,0.913386,0.840648,0.071462,0.054871,-0.793661,1.905146,-1.066026,1.562354,-0.921416,1.722174,-1.244610,1.407529,-1.182984,1.939051
11840,0.929966,0.841879,0.087074,0.068171,-0.790399,1.906482,-1.064131,1.564713,-0.918079,1.724423,-1.240017,1.408817,-1.177286,1.937248
12160,0.977442,0.842512,0.108120,0.089038,-0.787210,1.907903,-1.060817,1.566909,-0.914311,1.726390,-1.235527,1.410214,-1.173442,1.937056
12480,0.932087,0.842448,0.164872,0.129463,-0.784138,1.908996,-1.055127,1.568595,-0.910057,1.727996,-1.230764,1.411748,-1.164838,1.944386
12800,0.800233,0.840789,0.136238,0.091665,-0.776517,1.905380,-1.052433,1.570324,-0.905722,1.729048,-1.226253,1.413160,-1.157833,1.957039
13120,0.870862,0.840101,0.069257,0.050669,-0.771878,1.901613,-1.049705,1.571804,-0.901207,1.729572,-1.221763,1.414584,-1.154720,1.964720
13440,0.967504,0.840210,0.081855,0.066540,-0.768674,1.901577,-1.046865,1.572917,-0.896753,1.729542,-1.217331,1.415951,-1.151188,1.966885
13760,0.943760,0.840219,0.095977,0.076107,-0.765383,1.903401,-1.043741,1.573530,-0.892279,1.728965,-1.212920,1.417218,-1.146831,1.968151
14080,0.904835,0.839740,0.099862,0.075878,-0.762568,1.904613,-1.040516,1.574127,-0.887828,1.727818,-1.208516,1.418328,-1.140530,1.973869
14400,0.853713,0.838581,0.084749,0.060673,-0.757363,1.902944,-1.037204,1.574705,-0.884094,1.726398,-1.204120,1.419313,-1.136415,1.981449
14720,0.988767,0.838351,0.072321,0.059949,-0.754246,1.902815,-1.034087,1.575304,-0.881757,1.726681,-1.199906,1.420267,-1.134256,1.984753
15040,0.976994,0.838359,0.088352,0.072367,-0.750934,1.904638,-1.030754,1.575666,-0.877943,1.726816,-1.195634,1.421253,-1.129514,1.986045
15360,0.940312,0.837957,0.093229,0.073459,-0.748041,1.905864,-1.027371,1.576037,-0.873964,1.726659,-1.191380,1.422157,-1.124171,1.990363
15680,0.914269,0.837002,0.088620,0.067816,-0.743817,1.905190,-1.023968,1.576516,-0.869987,1.726246,-1.187134,1.422980,-1.120470,1.996355
16000,0.972845,0.836522,0.076103,0.061933,-0.740294,1.906588,-1.020581,1.576920,-0.866005,1.725668,-1.182926,1.423720,-1.117901,1.998375
16320,0.966001,0.836434,0.063365,0.051199,-0.737140,1.908721,-1.017089,1.577222,-0.862013,1.724915,-1.178729,1.424378,-1.113997,1.998964
16640,0.947328,0.836120,0.081956,0.064916,-0.734233,1.910264,-1.013552,1.577551,-0.857924,1.724010,-1.174549,1.424952,-1.108873,2.001881
16960,0.887599,0.835205,0.080398,0.059601,-0.729694,1.909597,-1.009979,1.578067,-0.853734,1.722922,-1.170370,1.425451,-1.105043,2.006883
17280,0.971101,0.834727,0.063164,0.051201,-0.726156,1.909577,-1.006496,1.578996,-0.849473,1.721656,-1.166208,1.425917,-1.102668,2.009535
17600,0.916373,0.834766,0.048614,0.037188,-0.722534,1.910916,-1.004263,1.579769,-0.845175,1.720253,-1.162067,1.426386,-1.097750,2.009792
17920,0.921689,0.834819,0.082033,0.063120,-0.719118,1.912512,-1.002370,1.582082,-0.840949,1.718824,-1.158120,1.426892,-1.093307,2.010441
18240,0.950472,0.834559,0.085431,0.067766,-0.715829,1.913298,-1.000526,1.584440,-0.837526,1.718091,-1.154254,1.427576,-1.088730,2.013941
18560,0.829461,0.834615,0.087453,0.060542,-0.711559,1.912756,-0.999982,1.586815,-0.834768,1.719266,-1.150578,1.428580,-1.083321,2.016860
18880,0.832291,0.834813,0.094228,0.065470,-0.707377,1.911438,-0.999795,1.589787,-0.831823,1.721287,-1.147195,1.430120,-1.078906,2.019651
19200,0.944873,0.835002,0.100822,0.079546,-0.704069,1.911439,-0.999334,1.592749,-0.829443,1.723247,-1.144080,1.432019,-1.074681,2.022762
19520,0.967177,0.834790,0.114297,0.092282,-0.700873,1.913516,-0.998653,1.595669,-0.826819,1.725577,-1.141242,1.434261,-1.070885,2.026312
19840,0.948548,0.834862,0.098949,0.078358,-0.698123,1.914632,-0.997764,1.598528,-0.824363,1.727840,-1.138654,1.436730,-1.067247,2.029615
20160,0.966000,0.834871,0.100611,0.081141,-0.694475,1.915061,-0.996711,1.601335,-0.821655,1.729904,-1.136240,1.439309,-1.063563,2.032650
20480,0.970163,0.834828,0.110084,0.089159,-0.691384,1.917014,-0.995556,1.604102,-0.818760,1.732345,-1.133966,1.441991,-1.059670,2.035513
20800,0.947288,0.834938,0.091844,0.072642,-0.688228,1.917837,-0.994321,1.606847,-0.816289,1.734365,-1.131773,1.444689,-1.056201,2.038220
21120,0.991228,0.834848,0.110378,0.091341,-0.684938,1.919615,-0.993007,1.609533,-0.813766,1.736547,-1.129686,1.447458,-1.052690,2.041114
21440,0.987973,0.834815,0.092039,0.075911,-0.682622,1.922513,-0.991626,1.612203,-0.811156,1.738767,-1.127702,1.450269,-1.049382,2.043776
21760,0.919194,0.834830,0.098532,0.075611,-0.679688,1.923742,-0.990187,1.614834,-0.808378,1.740779,-1.125739,1.453085,-1.045845,2.046659
22080,0.980467,0.834800,0.089358,0.073139,-0.676102,1.924072,-0.988630,1.617387,-0.805408,1.742900,-1.123820,1.455916,-1.043004,2.049217
22400,0.984221,0.835046,0.104448,0.085843,-0.673394,1.926509,-0.986964,1.619870,-0.803180,1.745513,-1.121858,1.458687,-1.039571,2.050716
22720,0.940697,0.834876,0.092749,0.072842,-0.670445,1.927538,-0.985195,1.622290,-0.799433,1.747281,-1.119900,1.461456,-1.036587,2.053652
23040,0.961268,0.834915,0.109445,0.087838,-0.667243,1.929534,-0.983320,1.624630,-0.796914,1.749109,-1.117742,1.464006,-1.033321,2.055468
23360,0.959804,0.835003,0.096715,0.077511,-0.664776,1.931480,-0.981390,1.626914,-0.793932,1.751504,-1.115687,1.466669,-1.030134,2.057604
23680,0.988371,0.834776,0.104702,0.086387,-0.661443,1.932658,-0.979410,1.629166,-0.791095,1.753098,-1.113480,1.469166,-1.027132,2.060661
24000,0.975271,0.834798,0.102618,0.083547,-0.658834,1.934816,-0.977396,1.631392,-0.788607,1.755893,-1.111379,1.471750,-1.023793,2.063155
24320,0.974348,0.834668,0.108461,0.088207,-0.656080,1.936940,-0.975423,1.633654,-0.785918,1.757922,-1.109196,1.474209,-1.020392,2.066001
24640,0.902651,0.834512,0.090862,0.068444,-0.652980,1.937846,-0.974891,1.635892,-0.782932,1.760230,-1.107169,1.476761,-1.017585,2.068552
24960,0.958076,0.834513,0.094049,0.075195,-0.649885,1.939826,-0.974335,1.638834,-0.780692,1.762165,-1.105384,1.479442,-1.014929,2.070272
25280,0.956805,0.834369,0.088212,0.070422,-0.647734,1.942440,-0.973568,1.641732,-0.777453,1.764166,-1.103909,1.482335,-1.012107,2.072772
25600,0.942570,0.834491,0.098974,0.077849,-0.645154,1.944258,-0.972613,1.644570,-0.775182,1.766521,-1.102442,1.485165,-1.008347,2.075044
25920,0.970615,0.834235,0.098081,0.079418,-0.641669,1.944861,-0.971461,1.647333,-0.772036,1.768266,-1.100995,1.488027,-1.005684,2.077877
26240,0.969356,0.834246,0.098767,0.079871,-0.638943,1.947150,-0.970124,1.650017,-0.769682,1.770710,-1.099540,1.490852,-1.002232,2.080067
26560,0.983259,0.834191,0.089857,0.073703,-0.636170,1.948985,-0.968606,1.652598,-0.767215,1.772732,-1.097969,1.493631,-0.999189,2.082505
26880,0.993115,0.833976,0.106859,0.088504,-0.633257,1.950621,-0.966923,1.655075,-0.764221,1.774739,-1.096317,1.496351,-0.996452,2.085235
27200,0.981020,0.834086,0.092729,0.075876,-0.630815,1.953000,-0.965074,1.657440,-0.762071,1.777467,-1.094610,1.499000,-0.993023,2.087316
27520,0.996482,0.833796,0.091566,0.076079,-0.627792,1.953997,-0.963066,1.659666,-0.758766,1.779102,-1.092579,1.501458,-0.990935,2.090134
27840,0.989974,0.833991,0.099673,0.082293,-0.625337,1.956822,-0.960949,1.661795,-0.756806,1.781879,-1.090539,1.503863,-0.987687,2.091550
28160,0.948750,0.833782,0.090153,0.071316,-0.622735,1.958191,-0.958962,1.664043,-0.753377,1.783767,-1.088457,1.506232,-0.985274,2.094250
28480,0.934402,0.833661,0.105499,0.082181,-0.619790,1.960705,-0.957845,1.666807,-0.751004,1.785659,-1.086295,1.508494,-0.982593,2.096155
28800,0.941785,0.833695,0.096102,0.075456,-0.617642,1.963052,-0.956974,1.669669,-0.748273,1.788102,-1.084811,1.511268,-0.979811,2.098123
29120,0.965775,0.833466,0.107096,0.086206,-0.614618,1.964761,-0.955881,1.672452,-0.745604,1.789836,-1.083172,1.513924,-0.976702,2.100910
29440,0.913328,0.833570,0.099761,0.075950,-0.611575,1.965973,-0.954621,1.675168,-0.743426,1.792704,-1.081834,1.516757,-0.973567,2.102840
29760,0.970488,0.833360,0.091310,0.073849,-0.608554,1.967302,-0.953211,1.677809,-0.740098,1.794155,-1.080099,1.519325,-0.971346,2.104968
30080,0.967102,0.833577,0.091614,0.073855,-0.606402,1.970263,-0.951714,1.680402,-0.737052,1.796026,-1.078403,1.521916,-0.968258,2.105644
30400,0.955621,0.833384,0.092276,0.073488,-0.603495,1.971338,-0.950209,1.682995,-0.733854,1.797276,-1.076409,1.524268,-0.965514,2.108187
30720,0.927126,0.833513,0.088139,0.068111,-0.600494,1.972467,-0.948857,1.685680,-0.731685,1.799885,-1.074890,1.526939,-0.962120,2.110121
31040,0.985396,0.833185,0.095530,0.078432,-0.597388,1.974091,-0.947405,1.688302,-0.728505,1.801561,-1.073189,1.529535,-0.959988,2.112593
31360,0.988436,0.833385,0.094434,0.077790,-0.595372,1.977175,-0.945742,1.690797,-0.726251,1.803998,-1.071625,1.532176,-0.956723,2.113941
31680,0.978299,0.833136,0.089652,0.073072,-0.592623,1.978351,-0.943909,1.693170,-0.723080,1.805705,-1.069702,1.534609,-0.954430,2.116737
32000,0.993833,0.833130,0.095957,0.079452,-0.589791,1.980175,-0.941932,1.695429,-0.720840,1.808203,-1.067896,1.537066,-0.951201,2.118943
32320,0.976383,0.832738,0.107167,0.087135,-0.587527,1.983671,-0.939998,1.697721,-0.718068,1.810115,-1.065814,1.539342,-0.948887,2.121790
32640,0.936375,0.832894,0.094992,0.074084,-0.585460,1.985764,-0.939300,1.700618,-0.715746,1.812894,-1.064291,1.541995,-0.945471,2.123752
32960,0.926259,0.832599,0.082378,0.063530,-0.581842,1.985961,-0.938484,1.703507,-0.712927,1.814704,-1.062775,1.544633,-0.943362,2.126336
33280,0.950648,0.832755,0.098909,0.078302,-0.578931,1.988094,-0.937455,1.706323,-0.710580,1.817266,-1.061631,1.547491,-0.940481,2.127141
33600,0.939382,0.832485,0.092589,0.072406,-0.576737,1.990411,-0.936226,1.709058,-0.706972,1.818786,-1.059976,1.550047,-0.938045,2.129573
33920,0.952293,0.832331,0.112775,0.089388,-0.573991,1.993013,-0.934786,1.711683,-0.704610,1.820835,-1.058216,1.552491,-0.935382,2.131624
34240,0.971303,0.832321,0.096422,0.077951,-0.571974,1.995509,-0.933176,1.714212,-0.702135,1.823392,-1.056811,1.555210,-0.932863,2.133771
34560,0.982416,0.832148,0.090609,0.074074,-0.568980,1.996562,-0.931214,1.716809,-0.699333,1.825224,-1.054783,1.557530,-0.930878,2.136198
34880,0.985276,0.832113,0.113294,0.092885,-0.566504,1.999847,-0.929107,1.719157,-0.697043,1.827919,-1.053051,1.560055,-0.928078,2.137979
35200,0.990142,0.831928,0.100338,0.082651,-0.564463,2.002277,-0.926806,1.721597,-0.694379,1.829938,-1.050869,1.562276,-0.925961,2.140878
35520,0.975761,0.832022,0.104456,0.084803,-0.562217,2.004530,-0.924178,1.724088,-0.692187,1.832930,-1.048916,1.564778,-0.923176,2.143334
35840,0.972465,0.831828,0.102204,0.082675,-0.559268,2.006079,-0.921852,1.725963,-0.689946,1.835386,-1.046584,1.566781,-0.921329,2.145746
36160,0.996561,0.832059,0.095992,0.079596,-0.557203,2.009182,-0.919128,1.727921,-0.687581,1.838059,-1.044424,1.569069,-0.918423,2.146953
36480,0.984703,0.831720,0.083469,0.068361,-0.554430,2.010706,-0.916075,1.729777,-0.684200,1.839534,-1.041784,1.570829,-0.916450,2.149724
36800,0.961131,0.831683,0.092342,0.073814,-0.551892,2.013937,-0.912918,1.731389,-0.682186,1.841937,-1.039099,1.572471,-0.913861,2.151413
37120,0.959273,0.831622,0.091469,0.072970,-0.549695,2.015894,-0.909232,1.732928,-0.679284,1.844305,-1.036536,1.574358,-0.911459,2.153975
37440,0.940476,0.831422,0.094039,0.073532,-0.546778,2.018233,-0.905658,1.734008,-0.676689,1.846052,-1.033623,1.575730,-0.908958,2.155897
37760,0.966516,0.831414,0.091359,0.073414,-0.544583,2.020541,-0.901420,1.734985,-0.673878,1.848284,-1.030657,1.577081,-0.906219,2.157916
38080,0.950742,0.831254,0.084721,0.066956,-0.541498,2.022212,-0.897156,1.735785,-0.671218,1.849969,-1.027475,1.578194,-0.902950,2.160194
38400,0.980046,0.831108,0.096911,0.078937,-0.538764,2.023833,-0.892452,1.736332,-0.668514,1.852050,-1.024216,1.579336,-0.900234,2.162696
38720,0.960928,0.831024,0.092554,0.073909,-0.536125,2.025962,-0.887337,1.736930,-0.666017,1.854244,-1.020888,1.580354,-0.897411,2.164962
39040,0.926853,0.830932,0.084656,0.065198,-0.533228,2.028381,-0.882419,1.737330,-0.664014,1.856667,-1.017486,1.581337,-0.894146,2.167191
39360,0.935631,0.830811,0.082668,0.064260,-0.530772,2.030021,-0.876935,1.737815,-0.661054,1.858739,-1.013994,1.582353,-0.891763,2.169759
39680,0.906562,0.830714,0.092584,0.069724,-0.527725,2.031940,-0.871748,1.737942,-0.658765,1.860611,-1.010438,1.583337,-0.889117,2.171670
40000,0.954413,0.830759,0.084521,0.067016,-0.525325,2.034011,-0.866215,1.738254,-0.656134,1.862851,-1.007056,1.584496,-0.886375,2.173570
40320,0.942797,0.830543,0.100235,0.078487,-0.522355,2.036293,-0.860746,1.738468,-0.653290,1.864354,-1.004459,1.586360,-0.883869,2.175661
40640,0.947993,0.830706,0.085534,0.067358,-0.520101,2.038499,-0.855324,1.739369,-0.651039,1.866693,-1.002095,1.588579,-0.881202,2.177666
40960,0.940064,0.830467,0.108836,0.084967,-0.517241,2.040962,-0.850105,1.739866,-0.648309,1.868413,-0.999953,1.590879,-0.878087,2.180284
41280,0.907905,0.830511,0.074173,0.055928,-0.514731,2.042468,-0.845041,1.741052,-0.645617,1.870376,-0.998452,1.593465,-0.875478,2.182338
41600,0.911593,0.830496,0.090675,0.068648,-0.511817,2.043207,-0.840258,1.741807,-0.643062,1.872400,-0.997725,1.596360,-0.872276,2.184423
41920,0.941367,0.830310,0.098466,0.076963,-0.508873,2.045366,-0.835476,1.742716,-0.641021,1.874521,-0.997026,1.599271,-0.869967,2.186366
42240,0.930542,0.830109,0.102297,0.079019,-0.506873,2.048501,-0.830788,1.744072,-0.637779,1.876415,-0.996132,1.602132,-0.867421,2.188458
42560,0.929120,0.830183,0.089297,0.068878,-0.504276,2.050019,-0.826177,1.745561,-0.635367,1.878117,-0.995035,1.604927,-0.863887,2.190584
42880,0.931387,0.829955,0.081141,0.062723,-0.500636,2.050551,-0.822301,1.746572,-0.632640,1.880162,-0.993804,1.607656,-0.861429,2.192688
43200,0.941183,0.829872,0.087121,0.068047,-0.497724,2.053262,-0.817940,1.747931,-0.630279,1.881934,-0.992491,1.610343,-0.858471,2.194246
43520,0.960077,0.829790,0.077441,0.061694,-0.495353,2.055011,-0.813674,1.749367,-0.626996,1.883532,-0.991091,1.613003,-0.855916,2.196234
43840,0.966375,0.829821,0.099219,0.079565,-0.492602,2.056868,-0.809400,1.750840,-0.624385,1.885501,-0.989628,1.615620,-0.852155,2.198220
44160,0.967892,0.829719,0.100360,0.080597,-0.489068,2.057410,-0.805302,1.752246,-0.621373,1.887015,-0.988036,1.618160,-0.849253,2.200120
44480,0.964932,0.829470,0.089876,0.071935,-0.486130,2.060099,-0.801598,1.753693,-0.618371,1.888748,-0.986343,1.620620,-0.846565,2.201933
44800,0.977444,0.829473,0.083494,0.067694,-0.483906,2.062435,-0.797563,1.755550,-0.615786,1.890780,-0.984545,1.623025,-0.843634,2.204141
45120,0.970791,0.829492,0.091570,0.073738,-0.480705,2.063108,-0.793605,1.757199,-0.613036,1.892805,-0.982659,1.625350,-0.840375,2.206207
45440,0.985896,0.829322,0.092616,0.075725,-0.477523,2.065224,-0.790251,1.758581,-0.610633,1.894727,-0.980714,1.627628,-0.837812,2.207945
45760,0.988478,0.829226,0.096858,0.079392,-0.475343,2.067885,-0.786856,1.760656,-0.607466,1.896346,-0.978710,1.629912,-0.834865,2.210172
46080,0.950789,0.829265,0.088994,0.070167,-0.472347,2.069145,-0.783574,1.762674,-0.604745,1.898504,-0.976645,1.632146,-0.831878,2.212055
46400,0.950562,0.828958,0.082762,0.065215,-0.469205,2.070698,-0.780765,1.764340,-0.602096,1.900365,-0.975214,1.634081,-0.828843,2.214168
46720,0.957199,0.828814,0.108926,0.086415,-0.466926,2.073614,-0.777730,1.766877,-0.599450,1.902189,-0.974781,1.637035,-0.825666,2.216216
47040,0.936086,0.828497,0.085717,0.066478,-0.463746,2.074551,-0.775280,1.768950,-0.596124,1.903860,-0.974137,1.639962,-0.823038,2.218493
47360,0.950725,0.828439,0.091777,0.072286,-0.460649,2.076150,-0.772869,1.771029,-0.593623,1.906072,-0.973281,1.642831,-0.819616,2.220221
47680,0.977213,0.828232,0.094412,0.076413,-0.457404,2.077718,-0.770637,1.773322,-0.590870,1.907794,-0.972235,1.645637,-0.816557,2.222343
48000,0.969020,0.828132,0.103888,0.083367,-0.454944,2.079828,-0.768503,1.775656,-0.587916,1.909670,-0.970998,1.648367,-0.813385,2.224492
48320,0.940723,0.827974,0.084692,0.065966,-0.451908,2.081187,-0.766365,1.778037,-0.584715,1.911520,-0.969590,1.651014,-0.810946,2.226420
48640,0.985835,0.828064,0.091843,0.074974,-0.448908,2.082510,-0.764023,1.780206,-0.582385,1.913627,-0.968010,1.653557,-0.807222,2.228254
48960,0.993242,0.827766,0.090465,0.074378,-0.445743,2.083838,-0.761768,1.782437,-0.578863,1.915096,-0.966252,1.655990,-0.805045,2.230442
49280,0.989756,0.827943,0.089449,0.073300,-0.443275,2.086869,-0.759461,1.784647,-0.576875,1.917364,-0.964344,1.658298,-0.801563,2.231627
49600,0.954465,0.827662,0.083289,0.065796,-0.440309,2.088249,-0.757256,1.786914,-0.573214,1.918937,-0.962303,1.660482,-0.799387,2.233881
49920,0.981823,0.827741,0.089785,0.072967,-0.437205,2.089847,-0.754782,1.788873,-0.571019,1.920942,-0.960179,1.662611,-0.796291,2.235317
50240,0.973410,0.827566,0.096358,0.077622,-0.434800,2.092130,-0.752422,1.790987,-0.567777,1.922747,-0.958416,1.665029,-0.793861,2.237375
50560,0.973982,0.827508,0.090217,0.072713,-0.432828,2.095277,-0.750222,1.793306,-0.565759,1.924930,-0.957437,1.667851,-0.790901,2.239482
50880,0.951232,0.827260,0.081835,0.064397,-0.429991,2.096473,-0.748219,1.795718,-0.562831,1.926865,-0.956385,1.670663,-0.788870,2.241877
51200,0.970197,0.827190,0.095123,0.076340,-0.426949,2.098876,-0.746095,1.798052,-0.560916,1.929250,-0.955184,1.673410,-0.786060,2.243550
51520,0.954368,0.826976,0.102462,0.080867,-0.424486,2.100918,-0.744140,1.800544,-0.557828,1.931332,-0.953881,1.676106,-0.783875,2.245835
51840,0.951536,0.826797,0.105196,0.082761,-0.422244,2.104393,-0.742133,1.802974,-0.555508,1.933149,-0.952479,1.678742,-0.780950,2.248062
52160,0.945638,0.826795,0.093531,0.073127,-0.420155,2.106472,-0.740167,1.805453,-0.552759,1.935368,-0.950983,1.681340,-0.778552,2.250071
52480,0.939343,0.826698,0.099519,0.077282,-0.416677,2.107212,-0.737943,1.807673,-0.550542,1.937409,-0.949663,1.684032,-0.775344,2.252310
52800,0.947614,0.826654,0.089707,0.070272,-0.413834,2.108538,-0.735812,1.809995,-0.548050,1.939726,-0.948310,1.686702,-0.772920,2.254218
53120,0.956433,0.826425,0.102002,0.080624,-0.410903,2.111042,-0.733678,1.812335,-0.545189,1.941311,-0.946776,1.689269,-0.770300,2.256116
53440,0.935374,0.826336,0.092100,0.071187,-0.408763,2.113419,-0.731612,1.814716,-0.541841,1.943340,-0.945402,1.691932,-0.767798,2.257910
53760,0.951429,0.826204,0.097316,0.076497,-0.406111,2.115799,-0.729455,1.817019,-0.539445,1.945083,-0.944226,1.694676,-0.764382,2.260091
54080,0.904881,0.826063,0.092790,0.069359,-0.402875,2.116885,-0.727360,1.819337,-0.536567,1.947293,-0.942883,1.697361,-0.761954,2.261960
54400,0.979649,0.825795,0.094029,0.076069,-0.399828,2.118110,-0.725107,1.821512,-0.533644,1.948732,-0.941414,1.699969,-0.759949,2.264199
54720,0.988285,0.826101,0.090376,0.073785,-0.397592,2.121057,-0.722950,1.823838,-0.532023,1.951433,-0.939806,1.702485,-0.756323,2.265285
55040,0.964429,0.825713,0.087550,0.069720,-0.394736,2.122400,-0.720944,1.826254,-0.528367,1.952986,-0.938337,1.705094,-0.754500,2.267846
55360,0.924719,0.825616,0.110053,0.084021,-0.392135,2.125492,-0.718792,1.828550,-0.526202,1.955206,-0.937129,1.707832,-0.751433,2.269581
55680,0.965137,0.825727,0.096005,0.076510,-0.390249,2.128091,-0.716916,1.831066,-0.523820,1.957594,-0.935792,1.710517,-0.748877,2.271157
56000,0.992600,0.825329,0.092760,0.075991,-0.387274,2.129353,-0.714825,1.833398,-0.520517,1.958881,-0.934248,1.713082,-0.747158,2.273778
56320,0.990328,0.825530,0.092508,0.075629,-0.384974,2.132444,-0.712623,1.835668,-0.518835,1.961560,-0.932505,1.715527,-0.743822,2.275096
56640,0.916070,0.825237,0.089038,0.067311,-0.382304,2.133940,-0.710639,1.838070,-0.515379,1.963413,-0.930597,1.717839,-0.741853,2.277658
56960,0.972000,0.825050,0.094118,0.075478,-0.379309,2.135662,-0.708302,1.840132,-0.512964,1.965096,-0.928523,1.719998,-0.739781,2.279758
57280,0.992909,0.825276,0.096019,0.078680,-0.377176,2.138352,-0.706069,1.842330,-0.511014,1.967792,-0.926265,1.722024,-0.736582,2.281239
57600,0.990454,0.824829,0.095551,0.078061,-0.374331,2.140543,-0.703726,1.844451,-0.507531,1.969121,-0.923695,1.724009,-0.734936,2.283992
57920,0.965676,0.825138,0.087183,0.069469,-0.372582,2.144042,-0.701338,1.846456,-0.505701,1.971653,-0.920749,1.725928,-0.731830,2.285483
58240,0.953752,0.825193,0.092549,0.072839,-0.370239,2.145841,-0.698802,1.848374,-0.502782,1.973827,-0.917409,1.727725,-0.729477,2.287804
58560,0.952581,0.825244,0.102144,0.080297,-0.366973,2.146992,-0.696152,1.850077,-0.500537,1.975866,-0.913854,1.729253,-0.726393,2.290093
58880,0.956802,0.825274,0.086400,0.068224,-0.363992,2.148023,-0.693553,1.851879,-0.498039,1.978162,-0.910659,1.730664,-0.723983,2.292078
59200,0.953909,0.825261,0.098344,0.077418,-0.361085,2.150154,-0.690851,1.853585,-0.495199,1.979765,-0.906866,1.732073,-0.721448,2.294002
59520,0.978625,0.825541,0.086570,0.069939,-0.359104,2.152962,-0.688141,1.855255,-0.491929,1.981790,-0.902843,1.733174,-0.718611,2.294995
59840,0.969872,0.825392,0.096760,0.077458,-0.356213,2.154537,-0.685234,1.856640,-0.488888,1.983033,-0.898590,1.733979,-0.716179,2.297436
60160,0.965441,0.825730,0.078405,0.062504,-0.353648,2.156382,-0.682284,1.857959,-0.487099,1.985623,-0.894093,1.734470,-0.712668,2.299033
60480,0.974462,0.825397,0.082153,0.066077,-0.350330,2.157482,-0.679255,1.859161,-0.483713,1.987172,-0.889782,1.734686,-0.710608,2.301364
60800,0.967914,0.825525,0.084258,0.067325,-0.348032,2.160249,-0.676225,1.860283,-0.481131,1.989366,-0.885259,1.734841,-0.707455,2.302695
61120,0.952121,0.825260,0.090622,0.071206,-0.345215,2.162056,-0.673129,1.861336,-0.477845,1.990676,-0.880450,1.734745,-0.704946,2.305106
61440,0.957760,0.825460,0.073746,0.058303,-0.342726,2.163984,-0.669962,1.862234,-0.475822,1.992978,-0.875517,1.734360,-0.701402,2.306620
61760,0.959566,0.825053,0.074146,0.058701,-0.339089,2.164402,-0.666356,1.863193,-0.472260,1.994249,-0.870323,1.733695,-0.699495,2.309135
62080,0.895284,0.825209,0.091880,0.067881,-0.336426,2.167030,-0.662646,1.864129,-0.470414,1.996571,-0.865234,1.732887,-0.695907,2.310268
62400,0.919818,0.825145,0.072906,0.055335,-0.334067,2.168780,-0.659309,1.865200,-0.467569,1.998554,-0.859987,1.731980,-0.693469,2.312176
62720,0.924240,0.824812,0.085085,0.064862,-0.331161,2.170803,-0.655704,1.866238,-0.464566,1.999796,-0.854549,1.730971,-0.691396,2.314396
63040,0.937673,0.825003,0.080445,0.062231,-0.329126,2.173542,-0.652030,1.867509,-0.462861,2.002274,-0.849132,1.729964,-0.688400,2.315923
63360,0.944663,0.824580,0.088450,0.068898,-0.326144,2.175029,-0.648111,1.868696,-0.459504,2.003710,-0.843702,1.729045,-0.686780,2.318582
63680,0.883222,0.824673,0.082133,0.059823,-0.323859,2.178306,-0.644543,1.869678,-0.457764,2.006136,-0.838362,1.728237,-0.683565,2.319941
64000,0.938192,0.824615,0.078683,0.060873,-0.321707,2.180325,-0.640961,1.870761,-0.454928,2.008292,-0.833211,1.727646,-0.681150,2.321952
64320,0.957116,0.824388,0.079864,0.063015,-0.318288,2.180949,-0.637078,1.871855,-0.451921,2.009575,-0.827935,1.727170,-0.679151,2.324204
64640,0.967271,0.824776,0.086810,0.069255,-0.315770,2.183231,-0.633192,1.873155,-0.450237,2.012071,-0.822567,1.726783,-0.675476,2.325281
64960,0.950453,0.824491,0.073438,0.057549,-0.312882,2.184598,-0.629632,1.874372,-0.446504,2.013380,-0.817281,1.726514,-0.673445,2.327692
65280,0.943253,0.824627,0.081626,0.063491,-0.310585,2.187591,-0.625794,1.875493,-0.444164,2.015238,-0.811963,1.726329,-0.670263,2.329113
65600,0.966117,0.824572,0.086372,0.068807,-0.307771,2.189116,-0.621788,1.876932,-0.440750,2.016834,-0.806702,1.726306,-0.667844,2.331156
65920,0.954905,0.824741,0.086343,0.067999,-0.304860,2.190235,-0.618240,1.877725,-0.438591,2.018863,-0.801579,1.726393,-0.664353,2.332978
66240,0.973752,0.824599,0.090911,0.072997,-0.301695,2.191456,-0.614342,1.878921,-0.435475,2.020608,-0.796450,1.726599,-0.662222,2.335227
66560,0.965729,0.824886,0.094540,0.075312,-0.299431,2.194492,-0.610331,1.880512,-0.433183,2.022616,-0.791412,1.726918,-0.658922,2.336474
66880,0.977602,0.824855,0.080655,0.065039,-0.296701,2.195922,-0.606686,1.881901,-0.429653,2.023946,-0.786417,1.727370,-0.656406,2.338571
67200,0.973064,0.825020,0.078639,0.063132,-0.293557,2.196636,-0.603100,1.882614,-0.426989,2.025927,-0.781523,1.727868,-0.652984,2.340245
67520,0.979747,0.825139,0.099592,0.080513,-0.290649,2.198555,-0.598720,1.884185,-0.424608,2.027792,-0.776639,1.728462,-0.650068,2.342237
67840,0.962362,0.825103,0.089942,0.071418,-0.288297,2.201519,-0.595122,1.885705,-0.421986,2.029721,-0.771816,1.729195,-0.647224,2.344619
68160,0.977133,0.825185,0.103342,0.083327,-0.285307,2.202913,-0.591067,1.887182,-0.418853,2.031380,-0.766961,1.730040,-0.644358,2.346686
68480,0.988038,0.825401,0.080915,0.065988,-0.281906,2.203129,-0.587492,1.888384,-0.416403,2.033587,-0.762331,1.730925,-0.641563,2.348390
68800,0.960984,0.825634,0.092751,0.073590,-0.278933,2.205335,-0.583864,1.889497,-0.413096,2.035198,-0.757620,1.731883,-0.638447,2.349036
69120,0.986233,0.825755,0.080965,0.065937,-0.276055,2.206846,-0.580054,1.891010,-0.409069,2.035869,-0.752902,1.732885,-0.635670,2.350406
69440,0.985644,0.825907,0.086033,0.070035,-0.273036,2.208069,-0.576597,1.891699,-0.406512,2.037757,-0.748373,1.733844,-0.632127,2.352122
69760,0.947220,0.825926,0.104866,0.082041,-0.270190,2.210269,-0.572491,1.893381,-0.403910,2.039623,-0.743859,1.734893,-0.629352,2.354389
70080,0.966655,0.826012,0.101229,0.080828,-0.267847,2.212400,-0.568510,1.895030,-0.400873,2.041697,-0.739392,1.736066,-0.627010,2.356506
70400,0.934808,0.826181,0.108619,0.083889,-0.264982,2.214633,-0.564489,1.896706,-0.398573,2.043504,-0.735007,1.737247,-0.623421,2.358543
70720,0.961958,0.826447,0.084922,0.067514,-0.262427,2.216182,-0.560954,1.898350,-0.395804,2.045716,-0.730660,1.738562,-0.620800,2.360178
71040,0.968613,0.826518,0.096788,0.077486,-0.258836,2.216989,-0.557190,1.899778,-0.392737,2.047113,-0.726223,1.739928,-0.617606,2.362292
71360,0.975975,0.826664,0.076323,0.061578,-0.256038,2.218479,-0.553291,1.901302,-0.389380,2.048902,-0.721957,1.741287,-0.614980,2.363966
71680,0.964115,0.826825,0.097179,0.077466,-0.253086,2.220905,-0.549525,1.902665,-0.387313,2.051054,-0.717649,1.742673,-0.611986,2.365606
72000,0.972002,0.826942,0.101748,0.081784,-0.250554,2.222505,-0.545533,1.904585,-0.383850,2.052989,-0.713420,1.744155,-0.609616,2.367753
72320,0.953862,0.826996,0.088239,0.069606,-0.247537,2.224948,-0.542028,1.906088,-0.381339,2.054656,-0.709270,1.745607,-0.606264,2.369712
72640,0.966628,0.827069,0.095324,0.076209,-0.244654,2.226506,-0.538260,1.907784,-0.378222,2.056765,-0.705108,1.747157,-0.603820,2.371814
72960,0.962526,0.827346,0.100881,0.080336,-0.241513,2.227876,-0.534440,1.909436,-0.375914,2.058565,-0.701007,1.748710,-0.600917,2.373342
73280,0.957022,0.827420,0.097808,0.077450,-0.238835,2.230857,-0.531120,1.910900,-0.373087,2.060799,-0.697008,1.750314,-0.598210,2.374773
73600,0.973444,0.827377,0.102608,0.082641,-0.236335,2.233567,-0.527355,1.912847,-0.369990,2.062217,-0.692917,1.751936,-0.595693,2.377210
73920,0.986932,0.827599,0.106539,0.087019,-0.233700,2.235839,-0.523498,1.914723,-0.367343,2.064475,-0.688891,1.753610,-0.592599,2.379075
74240,0.963194,0.827735,0.078743,0.062779,-0.230389,2.236208,-0.520076,1.916268,-0.364373,2.066011,-0.684942,1.755252,-0.590160,2.381001
74560,0.991428,0.828198,0.085863,0.070502,-0.227260,2.236554,-0.516721,1.917613,-0.361779,2.068295,-0.681007,1.756945,-0.586731,2.382199
74880,0.991062,0.828633,0.067032,0.055049,-0.224117,2.236709,-0.513223,1.918770,-0.357194,2.069036,-0.677049,1.758606,-0.583317,2.382555
75200,0.986110,0.828970,0.065623,0.053644,-0.221044,2.236495,-0.509823,1.919111,-0.353157,2.069413,-0.673056,1.760055,-0.580214,2.383062
75520,0.972619,0.829449,0.063779,0.051453,-0.218057,2.235957,-0.506889,1.919606,-0.349400,2.070055,-0.669152,1.761360,-0.576694,2.383333
75840,0.977060,0.830012,0.060609,0.049152,-0.215151,2.235203,-0.503394,1.920381,-0.346140,2.070971,-0.665205,1.762607,-0.573494,2.383730
76160,0.966181,0.830547,0.053229,0.042714,-0.212383,2.234050,-0.500193,1.920382,-0.341413,2.071030,-0.661188,1.763791,-0.569969,2.383581
76480,0.941920,0.831195,0.057161,0.044752,-0.209979,2.232256,-0.496740,1.920465,-0.338086,2.071713,-0.657250,1.764792,-0.566765,2.383983
76800,0.954597,0.831855,0.046573,0.036983,-0.207686,2.230324,-0.493542,1.920221,-0.334735,2.072127,-0.653365,1.765701,-0.563742,2.384052
77120,0.943322,0.832677,0.024930,0.019582,-0.205331,2.228469,-0.489943,1.920204,-0.331939,2.071040,-0.649459,1.766438,-0.560734,2.383469
77440,0.854457,0.833580,0.013238,0.009429,-0.202887,2.226747,-0.486757,1.919240,-0.330895,2.068300,-0.645606,1.766833,-0.558205,2.381850
77760,0.892065,0.834708,0.008623,0.006421,-0.200348,2.225145,-0.483943,1.917637,-0.331589,2.064805,-0.641928,1.766736,-0.556152,2.378549
78080,0.970756,0.835393,0.005105,0.004140,-0.197731,2.223689,-0.481397,1.915507,-0.330171,2.060782,-0.638241,1.766044,-0.553993,2.375278
78400,0.993868,0.835577,0.004546,0.003775,-0.194956,2.222123,-0.478736,1.913549,-0.326560,2.058316,-0.634638,1.765128,-0.551673,2.373236
78720,0.971931,0.835705,0.025432,0.020657,-0.192321,2.220701,-0.475714,1.912016,-0.323135,2.057926,-0.630900,1.764288,-0.548754,2.372451
79040,0.981955,0.835733,0.034446,0.028269,-0.189640,2.219359,-0.472582,1.910956,-0.319497,2.058659,-0.627257,1.763589,-0.545746,2.372389
79360,0.990423,0.835885,0.023806,0.019708,-0.186941,2.218073,-0.469327,1.910232,-0.315721,2.058716,-0.623557,1.762981,-0.542747,2.371945
79680,0.972650,0.836115,0.015448,0.012563,-0.184196,2.216877,-0.466039,1.909582,-0.312525,2.057624,-0.619925,1.762353,-0.539818,2.371178
80000,0.878493,0.836535,0.007710,0.005666,-0.181435,2.215707,-0.462845,1.908705,-0.311502,2.054884,-0.616426,1.761496,-0.537092,2.369831
80320,0.868181,0.837323,0.001561,0.001135,-0.178698,2.214492,-0.459963,1.907264,-0.312614,2.052063,-0.613169,1.760269,-0.534746,2.366727
80640,0.974824,0.837793,0.000000,0.000000,-0.175939,2.212966,-0.457424,1.905258,-0.311911,2.047519,-0.610077,1.758621,-0.532760,2.363250
80960,0.995877,0.837716,0.000000,0.000000,-0.173274,2.211225,-0.455071,1.902912,-0.308931,2.043789,-0.607026,1.756648,-0.530667,2.360985
81280,0.958913,0.837510,0.013537,0.010872,-0.170719,2.209664,-0.452573,1.900746,-0.305548,2.042968,-0.603941,1.754839,-0.527900,2.359933
81600,0.963616,0.837272,0.020199,0.016297,-0.168117,2.208182,-0.449734,1.899110,-0.301795,2.043514,-0.600741,1.753297,-0.524914,2.359651
81920,0.975948,0.837093,0.033866,0.027667,-0.165480,2.206747,-0.446627,1.897959,-0.297792,2.044236,-0.597409,1.752021,-0.521923,2.359602
82240,0.986547,0.837212,0.030064,0.024832,-0.162828,2.205365,-0.443402,1.897206,-0.293763,2.044782,-0.594048,1.750961,-0.518399,2.358873
82560,0.994412,0.837259,0.018012,0.014996,-0.160024,2.203816,-0.440097,1.896559,-0.289361,2.044483,-0.590638,1.750053,-0.515417,2.358203
82880,0.986428,0.837417,0.027796,0.022961,-0.157339,2.202482,-0.436767,1.895891,-0.285687,2.044118,-0.587194,1.749115,-0.512477,2.357297
83200,0.996219,0.837542,0.015893,0.013261,-0.154621,2.201198,-0.433409,1.895287,-0.281679,2.043386,-0.583720,1.748280,-0.509521,2.356483
83520,0.995436,0.837751,0.017652,0.014720,-0.151907,2.199914,-0.430134,1.894612,-0.278433,2.043046,-0.580378,1.747400,-0.506689,2.355399
83840,0.939528,0.838066,0.007789,0.006133,-0.149220,2.198585,-0.426861,1.893872,-0.276377,2.040904,-0.577040,1.746490,-0.503926,2.354205
84160,0.878580,0.838576,0.000844,0.000622,-0.146594,2.197136,-0.423775,1.892699,-0.276544,2.037945,-0.573908,1.745250,-0.501650,2.352214
84480,0.980215,0.839015,0.000000,0.000000,-0.143939,2.195744,-0.421085,1.890854,-0.275905,2.034306,-0.570986,1.743535,-0.499510,2.348985
84800,0.998337,0.838955,0.000000,0.000000,-0.141176,2.194162,-0.418457,1.888874,-0.272542,2.031367,-0.568070,1.741794,-0.497302,2.346776
85120,0.992835,0.839086,0.017568,0.014635,-0.138442,2.192508,-0.415529,1.887161,-0.268487,2.030427,-0.564807,1.740462,-0.493882,2.345029
85440,0.947067,0.838998,0.022434,0.017826,-0.135848,2.191023,-0.412538,1.885791,-0.264947,2.030429,-0.561660,1.739170,-0.490867,2.344520
85760,0.988009,0.838871,0.029504,0.024453,-0.133186,2.189651,-0.409404,1.884721,-0.260911,2.031123,-0.558430,1.738033,-0.487870,2.344266
86080,0.996697,0.838858,0.021650,0.018102,-0.130505,2.188319,-0.406135,1.883883,-0.256589,2.030827,-0.555086,1.737027,-0.484881,2.343631
86400,0.991243,0.838994,0.022869,0.019019,-0.127817,2.186973,-0.402910,1.883014,-0.253363,2.030247,-0.551858,1.735931,-0.482034,2.342531
86720,0.975129,0.839152,0.008739,0.007151,-0.125137,2.185628,-0.399674,1.882125,-0.250743,2.028861,-0.548602,1.734872,-0.479139,2.341629
87040,0.880536,0.839476,0.000893,0.000660,-0.122448,2.184292,-0.396577,1.880968,-0.250002,2.026004,-0.545519,1.733567,-0.476608,2.339996
87360,0.926416,0.839829,0.000000,0.000000,-0.119801,2.182885,-0.393898,1.879230,-0.250985,2.022978,-0.542794,1.731802,-0.474849,2.337582
87680,0.985789,0.840010,0.000000,0.000000,-0.117264,2.181302,-0.391732,1.876846,-0.249835,2.018805,-0.540314,1.729586,-0.473024,2.334141
88000,0.986207,0.839897,0.001632,0.001352,-0.114750,2.179412,-0.389596,1.874332,-0.246976,2.016487,-0.537678,1.727480,-0.471006,2.331818
88320,0.970654,0.839729,0.015208,0.012396,-0.112411,2.177555,-0.387087,1.872232,-0.243129,2.015966,-0.534866,1.725628,-0.468238,2.330571
88640,0.977031,0.839556,0.022653,0.018582,-0.109980,2.175787,-0.384237,1.870658,-0.238951,2.016230,-0.531890,1.724097,-0.465273,2.329982
88960,0.980042,0.839544,0.025108,0.020659,-0.107475,2.174140,-0.381167,1.869497,-0.234996,2.016569,-0.528815,1.722804,-0.462329,2.329178
89280,0.972684,0.839621,0.017304,0.014132,-0.105038,2.172395,-0.377982,1.868620,-0.231147,2.016265,-0.525659,1.721699,-0.459344,2.328547
89600,0.990699,0.839590,0.011731,0.009758,-0.102649,2.170583,-0.374775,1.867796,-0.226981,2.015699,-0.522492,1.720654,-0.456484,2.327490
89920,0.984991,0.839901,0.004299,0.003556,-0.100216,2.168823,-0.371584,1.866856,-0.224420,2.013963,-0.519360,1.719457,-0.453816,2.325943
90240,0.954717,0.840401,0.000431,0.000346,-0.097714,2.167164,-0.368553,1.865605,-0.222787,2.011083,-0.516379,1.718033,-0.451343,2.324154
90560,0.855409,0.840655,0.000295,0.000212,-0.095092,2.165721,-0.365813,1.863910,-0.222896,2.007744,-0.513657,1.716228,-0.449252,2.321991
90880,0.824786,0.840719,0.003290,0.002281,-0.092280,2.164690,-0.363658,1.861616,-0.224528,2.005173,-0.511438,1.713982,-0.447834,2.319349
91200,0.758806,0.840676,0.005140,0.003279,-0.089354,2.164058,-0.362271,1.858823,-0.226453,2.002886,-0.509696,1.711393,-0.446082,2.314911
91520,0.756428,0.840290,0.004613,0.002932,-0.086418,2.163454,-0.361779,1.855811,-0.228820,2.001056,-0.508691,1.708507,-0.444953,2.311292
91840,0.825027,0.840117,0.000000,0.000000,-0.083645,2.162306,-0.362064,1.852739,-0.231309,1.999377,-0.508433,1.705504,-0.443913,2.306780
92160,0.826380,0.840504,0.000000,0.000000,-0.081325,2.160398,-0.363115,1.849814,-0.233726,1.997603,-0.508875,1.702513,-0.443234,2.300128
92480,0.781255,0.840686,0.000000,0.000000,-0.078980,2.158530,-0.364466,1.847056,-0.236217,1.995936,-0.509786,1.699629,-0.442453,2.294286
92800,0.674490,0.840917,0.000000,0.000000,-0.076559,2.156768,-0.366146,1.844494,-0.239105,1.995256,-0.511186,1.696940,-0.441569,2.288535
93120,0.646955,0.841161,0.000000,0.000000,-0.074061,2.155126,-0.368332,1.842429,-0.242079,1.994916,-0.513423,1.694921,-0.440655,2.282968
93440,0.670855,0.841494,0.000000,0.000000,-0.071473,2.153629,-0.370809,1.840689,-0.245018,1.994309,-0.515685,1.692928,-0.439397,2.276906
93760,0.624757,0.841589,0.000368,0.000193,-0.068809,2.152270,-0.373357,1.839065,-0.247902,1.993490,-0.518034,1.691051,-0.438360,2.271574
94080,0.607257,0.841809,0.001610,0.000823,-0.066052,2.151093,-0.376042,1.837671,-0.250722,1.992432,-0.520758,1.689780,-0.437184,2.265761
94400,0.579551,0.841969,0.001991,0.000971,-0.063244,2.150020,-0.378854,1.836577,-0.253482,1.991238,-0.523506,1.688587,-0.435861,2.260156
94720,0.625249,0.842052,0.002251,0.001185,-0.060428,2.149003,-0.381685,1.835495,-0.256139,1.989845,-0.526297,1.687413,-0.434557,2.254682
95040,0.602619,0.842075,0.000846,0.000429,-0.057638,2.147886,-0.384474,1.834365,-0.258711,1.988304,-0.529056,1.686177,-0.433378,2.249320
95360,0.734128,0.842191,0.000000,0.000000,-0.055190,2.146157,-0.387281,1.833249,-0.261183,1.986611,-0.531833,1.684961,-0.432370,2.244030
95680,0.834706,0.842532,0.000000,0.000000,-0.053649,2.143623,-0.389949,1.831823,-0.263528,1.984756,-0.534563,1.683643,-0.431551,2.238768
96000,0.914322,0.843017,0.000000,0.000000,-0.053179,2.140682,-0.392445,1.830054,-0.265745,1.982743,-0.536742,1.681553,-0.430953,2.233553
96320,0.932532,0.843627,0.000000,0.000000,-0.053522,2.137718,-0.394806,1.828094,-0.267795,1.980555,-0.538883,1.679437,-0.430584,2.228394
96640,0.986917,0.844403,0.000000,0.000000,-0.055764,2.132862,-0.397220,1.826161,-0.269678,1.978226,-0.541063,1.677337,-0.431186,2.225037
96960,0.985679,0.844785,0.000000,0.000000,-0.057945,2.126941,-0.399677,1.824228,-0.271396,1.975763,-0.543201,1.675207,-0.433854,2.223007
97280,0.979172,0.845269,0.000000,0.000000,-0.060544,2.124638,-0.402062,1.822294,-0.272939,1.973197,-0.545352,1.673100,-0.436398,2.218980
97600,0.978488,0.846358,0.000000,0.000000,-0.065068,2.119428,-0.404238,1.820054,-0.274279,1.970515,-0.547458,1.670933,-0.438137,2.216089
97920,0.916740,0.846555,0.000000,0.000000,-0.068048,2.113056,-0.406222,1.817698,-0.275414,1.967740,-0.549454,1.668707,-0.441286,2.215525
98240,0.970407,0.846395,0.000000,0.000000,-0.069991,2.109882,-0.408180,1.815365,-0.276362,1.964901,-0.551340,1.666336,-0.444461,2.213650
98560,0.966478,0.847106,0.000000,0.000000,-0.074231,2.107827,-0.409744,1.812767,-0.277096,1.961994,-0.552831,1.663714,-0.446552,2.210087
98880,0.883841,0.847511,0.000000,0.000000,-0.078193,2.102863,-0.410912,1.809962,-0.277612,1.959030,-0.553983,1.660940,-0.449228,2.208885
99200,0.943078,0.847209,0.000000,0.000000,-0.080420,2.097710,-0.411888,1.807085,-0.277921,1.955959,-0.555033,1.658119,-0.452480,2.208632
99520,0.884627,0.847470,0.000000,0.000000,-0.083065,2.095823,-0.412301,1.804113,-0.278003,1.952621,-0.555384,1.655161,-0.455240,2.205096
99840,0.908671,0.848165,0.000000,0.000000,-0.087128,2.092885,-0.412693,1.801124,-0.277830,1.949051,-0.555500,1.652157,-0.456934,2.202173
100160,0.774136,0.848134,0.000000,0.000000,-0.089936,2.087589,-0.412824,1.798067,-0.277246,1.945016,-0.555539,1.649134,-0.460024,2.201667
100480,0.845026,0.847527,0.000000,0.000000,-0.091679,2.084500,-0.412580,1.795016,-0.276199,1.940622,-0.555501,1.646085,-0.462953,2.201193
100800,0.801897,0.847902,0.000000,0.000000,-0.095100,2.083791,-0.411993,1.791947,-0.274643,1.936177,-0.554864,1.643050,-0.465374,2.197316
101120,0.830719,0.848330,0.000000,0.000000,-0.098662,2.081388,-0.411172,1.788906,-0.273417,1.932580,-0.554041,1.640088,-0.467212,2.195030
101440,0.770624,0.848233,0.000000,0.000000,-0.101088,2.076182,-0.410420,1.785830,-0.272428,1.928884,-0.553276,1.637103,-0.470147,2.194827
101760,0.821487,0.847785,0.000000,0.000000,-0.102874,2.073831,-0.409474,1.782802,-0.271400,1.924957,-0.552500,1.634095,-0.472960,2.193807
102080,0.836512,0.848230,0.000000,0.000000,-0.105999,2.073227,-0.408587,1.779729,-0.270297,1.921163,-0.551617,1.631112,-0.474897,2.189703
102400,0.831255,0.848534,0.000000,0.000000,-0.109203,2.070100,-0.407676,1.776639,-0.269367,1.917502,-0.550767,1.628111,-0.477005,2.187632
102720,0.849880,0.848184,0.000000,0.000000,-0.110813,2.065708,-0.406876,1.773463,-0.268252,1.913553,-0.549935,1.625085,-0.479971,2.187015
103040,0.797956,0.848341,0.000000,0.000000,-0.113245,2.064045,-0.405910,1.770371,-0.266929,1.909672,-0.549042,1.622071,-0.482288,2.183700
103360,0.833296,0.848582,0.000000,0.000000,-0.116155,2.063245,-0.404917,1.767237,-0.265607,1.905920,-0.548077,1.619063,-0.483650,2.180516
103680,0.743561,0.848571,0.000000,0.000000,-0.118771,2.058744,-0.403913,1.764077,-0.264308,1.902120,-0.547080,1.616053,-0.486437,2.179588
104000,0.849908,0.848079,0.000000,0.000000,-0.120118,2.055423,-0.402902,1.760919,-0.263160,1.898399,-0.546114,1.613016,-0.489306,2.178778
104320,0.764947,0.848457,0.000000,0.000000,-0.122875,2.054420,-0.401879,1.757766,-0.262276,1.894813,-0.545179,1.609990,-0.491173,2.174545
104640,0.866825,0.848836,0.000000,0.000000,-0.125741,2.053524,-0.400837,1.754594,-0.261293,1.891144,-0.544281,1.606923,-0.490309,2.171682
104960,0.835321,0.849363,0.006604,0.004686,-0.127902,2.049480,-0.399581,1.751469,-0.260237,1.887500,-0.543307,1.603885,-0.487644,2.170436
105280,0.720782,0.849174,0.021553,0.013192,-0.128159,2.043661,-0.398184,1.748338,-0.259028,1.883790,-0.542218,1.600855,-0.484684,2.171833
105600,0.670189,0.848111,0.021789,0.012385,-0.126820,2.038151,-0.396640,1.745322,-0.257748,1.880175,-0.541005,1.597860,-0.482834,2.174913
105920,0.694111,0.846635,0.019588,0.011511,-0.124586,2.033725,-0.395074,1.742317,-0.256310,1.876453,-0.539693,1.594890,-0.481667,2.177963
106240,0.787967,0.844991,0.017739,0.011811,-0.121707,2.031413,-0.393448,1.739345,-0.254872,1.872938,-0.538305,1.591949,-0.479849,2.180407
106560,0.932451,0.843676,0.026304,0.020693,-0.118624,2.030518,-0.391749,1.736390,-0.253390,1.869362,-0.536847,1.589029,-0.476543,2.181161
106880,0.857117,0.842984,0.008702,0.006287,-0.117136,2.031080,-0.390017,1.733455,-0.252302,1.866895,-0.535333,1.586148,-0.473138,2.180434
107200,0.595005,0.842225,0.030796,0.015433,-0.117735,2.031769,-0.388745,1.730488,-0.252128,1.863905,-0.533780,1.583381,-0.470316,2.181514
107520,0.613023,0.840242,0.034108,0.017569,-0.115254,2.033396,-0.387549,1.727485,-0.251752,1.860940,-0.532612,1.580375,-0.468325,2.183767
107840,0.738830,0.838681,0.032958,0.020422,-0.112598,2.034785,-0.386252,1.724521,-0.251188,1.858000,-0.531519,1.577356,-0.464110,2.185144
108160,0.812413,0.837833,0.019191,0.013062,-0.109838,2.035947,-0.384826,1.721541,-0.250423,1.855108,-0.530353,1.574364,-0.458530,2.184084
108480,0.834304,0.837242,0.012791,0.008935,-0.106992,2.036891,-0.383485,1.718491,-0.249464,1.852277,-0.529103,1.571406,-0.453726,2.181688
108800,0.828253,0.836369,0.011917,0.008255,-0.104061,2.037567,-0.382445,1.715369,-0.248406,1.849476,-0.527844,1.568443,-0.452108,2.179245
109120,0.829409,0.835502,0.010888,0.007545,-0.101113,2.038108,-0.380649,1.712984,-0.247465,1.846633,-0.526626,1.565493,-0.452156,2.175883
109440,0.822107,0.834693,0.010460,0.007178,-0.098139,2.038536,-0.378562,1.710708,-0.246513,1.843794,-0.525054,1.562710,-0.452359,2.172558
109760,0.916700,0.834078,0.008627,0.006596,-0.095146,2.038728,-0.376592,1.708355,-0.245433,1.840992,-0.523377,1.560023,-0.451765,2.169057
110080,0.917100,0.833339,0.010780,0.008239,-0.092153,2.038588,-0.374475,1.706133,-0.244184,1.838258,-0.521590,1.557422,-0.449365,2.167351
110400,0.922274,0.832691,0.021651,0.016628,-0.089147,2.038233,-0.371650,1.705018,-0.242823,1.835587,-0.519475,1.555099,-0.444804,2.166828
110720,0.924418,0.832113,0.020527,0.015790,-0.086123,2.037937,-0.369177,1.703387,-0.241478,1.832911,-0.517211,1.552920,-0.439872,2.166389
111040,0.934524,0.831697,0.014207,0.011042,-0.083106,2.037430,-0.366458,1.702064,-0.240162,1.830218,-0.514785,1.550959,-0.434937,2.165611
111360,0.893928,0.831147,0.018850,0.014005,-0.080031,2.036676,-0.363779,1.700670,-0.239456,1.827311,-0.512425,1.548962,-0.430513,2.165082
111680,0.847659,0.830525,0.009463,0.006662,-0.076726,2.035575,-0.361330,1.698905,-0.239455,1.824316,-0.510276,1.546777,-0.426153,2.164464
112000,0.877273,0.829823,0.011183,0.008141,-0.073276,2.034105,-0.358899,1.697154,-0.239545,1.821320,-0.508308,1.544328,-0.421395,2.164067
112320,0.883353,0.828553,0.003258,0.002384,-0.069777,2.032247,-0.357017,1.694730,-0.239433,1.818329,-0.507833,1.539873,-0.417139,2.163281
112640,0.957083,0.827695,0.000000,0.000000,-0.066376,2.030060,-0.355196,1.692278,-0.239119,1.815351,-0.507618,1.536517,-0.414215,2.161276
112960,0.918968,0.827034,0.000000,0.000000,-0.063081,2.027489,-0.353646,1.689499,-0.238610,1.812405,-0.506567,1.533275,-0.413915,2.158338
113280,0.951004,0.826488,0.000000,0.000000,-0.059916,2.024532,-0.352830,1.686098,-0.237919,1.809492,-0.505722,1.529962,-0.414230,2.154911
113600,0.825153,0.826318,0.000000,0.000000,-0.056902,2.021153,-0.354378,1.683551,-0.237044,1.806625,-0.504502,1.526837,-0.413827,2.151641
113920,0.867881,0.826213,0.000000,0.000000,-0.054184,2.017455,-0.357373,1.682059,-0.235955,1.803823,-0.503729,1.523615,-0.414108,2.148337
114240,0.861162,0.826011,0.000000,0.000000,-0.051732,2.013581,-0.359908,1.679535,-0.234708,1.801110,-0.505127,1.520922,-0.414170,2.144782
114560,0.785553,0.825789,0.000000,0.000000,-0.049812,2.010379,-0.362309,1.677339,-0.233258,1.798468,-0.507082,1.518677,-0.414011,2.141597
114880,0.858906,0.825873,0.000000,0.000000,-0.048416,2.007721,-0.364984,1.675788,-0.231658,1.795933,-0.508453,1.516050,-0.413592,2.137494
115200,0.796183,0.826313,0.000000,0.000000,-0.047183,2.004984,-0.367446,1.673275,-0.229630,1.793154,-0.510444,1.513826,-0.413886,2.131375
115520,0.939324,0.826706,0.000000,0.000000,-0.046120,2.002177,-0.368145,1.669855,-0.227153,1.790222,-0.512558,1.511763,-0.414010,2.125194
115840,0.965011,0.827185,0.000000,0.000000,-0.045245,1.999318,-0.366920,1.666484,-0.224384,1.787355,-0.512365,1.508799,-0.413924,2.119160
116160,0.908673,0.827977,0.000000,0.000000,-0.044533,1.996397,-0.365182,1.662665,-0.221188,1.784570,-0.510112,1.506677,-0.414079,2.113922
116480,0.906628,0.829206,0.000253,0.000190,-0.043990,1.993453,-0.363186,1.659616,-0.217668,1.782039,-0.507357,1.505209,-0.414291,2.107948
116800,0.889233,0.830254,0.000000,0.000000,-0.043561,1.990490,-0.361047,1.656400,-0.214480,1.779959,-0.504663,1.503608,-0.414599,2.102846
117120,0.913209,0.831123,0.000000,0.000000,-0.043230,1.987502,-0.358906,1.653102,-0.211679,1.777643,-0.502339,1.501552,-0.414947,2.097769
117440,0.949867,0.831946,0.000000,0.000000,-0.042961,1.984519,-0.356738,1.649794,-0.208022,1.775125,-0.500073,1.499271,-0.414997,2.092734
117760,0.938775,0.832449,0.000296,0.000231,-0.042449,1.980839,-0.354423,1.646638,-0.204063,1.772861,-0.497724,1.497035,-0.412901,2.090639
118080,0.860906,0.832494,0.016889,0.012104,-0.040989,1.976698,-0.351919,1.644462,-0.199712,1.770840,-0.495267,1.494886,-0.409943,2.090830
118400,0.734143,0.831983,0.028168,0.017205,-0.039325,1.972729,-0.348933,1.642972,-0.195436,1.769261,-0.492556,1.493051,-0.407580,2.093647
118720,0.849415,0.831935,0.029416,0.020787,-0.038642,1.969821,-0.345539,1.642102,-0.192458,1.768915,-0.489639,1.491755,-0.405432,2.095677
119040,0.890787,0.832768,0.035591,0.026402,-0.037764,1.965805,-0.342090,1.641452,-0.189460,1.768906,-0.486572,1.490741,-0.400049,2.096227
119360,0.917172,0.833817,0.035373,0.027052,-0.036154,1.961808,-0.338877,1.641100,-0.186474,1.769107,-0.483471,1.490165,-0.395028,2.095572
119680,0.888946,0.834288,0.035764,0.026524,-0.034201,1.958445,-0.335692,1.640508,-0.183266,1.769548,-0.480335,1.489649,-0.391947,2.096141
120000,0.864231,0.834515,0.050326,0.036296,-0.031699,1.955132,-0.332547,1.639735,-0.179679,1.771191,-0.477171,1.489272,-0.388511,2.097162
120320,0.879989,0.834606,0.041947,0.030808,-0.028640,1.950858,-0.329425,1.639035,-0.176794,1.772728,-0.473992,1.489038,-0.385503,2.098898
120640,0.958126,0.834630,0.047591,0.038058,-0.026258,1.948418,-0.326263,1.638295,-0.173491,1.773983,-0.470816,1.488846,-0.382452,2.100324
120960,0.982910,0.834644,0.031390,0.025752,-0.023263,1.947604,-0.323039,1.637641,-0.170443,1.774473,-0.467668,1.488397,-0.378920,2.100353
121280,0.864332,0.834872,0.036080,0.026036,-0.020267,1.947664,-0.319464,1.637475,-0.166319,1.774530,-0.464441,1.487970,-0.376925,2.098153
121600,0.669990,0.834830,0.037230,0.020824,-0.017845,1.949639,-0.316239,1.636840,-0.161756,1.773799,-0.461187,1.487448,-0.377263,2.094868
121920,0.738933,0.834979,0.039325,0.024263,-0.016420,1.952648,-0.313078,1.636079,-0.157306,1.773445,-0.457981,1.486858,-0.377871,2.090701
122240,0.960245,0.834897,0.033313,0.026707,-0.014188,1.954602,-0.309735,1.635158,-0.152620,1.772769,-0.454718,1.486189,-0.376174,2.088254
122560,0.971554,0.834492,0.034801,0.028215,-0.010303,1.954397,-0.306415,1.634174,-0.148729,1.772526,-0.451516,1.485460,-0.373245,2.087901
122880,0.969802,0.834221,0.072514,0.058666,-0.007375,1.954526,-0.302243,1.634252,-0.145918,1.773603,-0.448245,1.485065,-0.370135,2.089417
123200,0.959026,0.833905,0.077758,0.062186,-0.004722,1.956276,-0.298650,1.635227,-0.143411,1.775500,-0.444962,1.485178,-0.367110,2.091445
123520,0.983075,0.833696,0.083600,0.068518,-0.002249,1.957848,-0.294761,1.636584,-0.140542,1.777550,-0.441674,1.485768,-0.364050,2.093857
123840,0.988908,0.833594,0.083018,0.068436,0.001011,1.958310,-0.290833,1.637905,-0.137765,1.779496,-0.438428,1.486658,-0.361528,2.095747
124160,0.955469,0.833475,0.087214,0.069454,0.003657,1.960443,-0.287451,1.639001,-0.134491,1.781372,-0.435239,1.487648,-0.358700,2.097027
124480,0.993078,0.833461,0.072743,0.060209,0.005765,1.962773,-0.283616,1.640504,-0.131731,1.782542,-0.432000,1.488588,-0.355320,2.098934
124800,0.959371,0.833433,0.076784,0.061394,0.009136,1.963064,-0.279923,1.641826,-0.128929,1.784305,-0.428728,1.489649,-0.352322,2.100838
125120,0.987177,0.833394,0.081658,0.067181,0.012108,1.963685,-0.276454,1.642629,-0.126095,1.785876,-0.425520,1.490712,-0.348942,2.102752
125440,0.996994,0.833412,0.071669,0.059550,0.015000,1.964874,-0.272746,1.643987,-0.123162,1.787118,-0.422314,1.491770,-0.345780,2.104296
125760,0.992571,0.833470,0.070464,0.058294,0.018014,1.965441,-0.269663,1.644920,-0.120350,1.788381,-0.419065,1.492800,-0.342492,2.105706
126080,0.978514,0.833415,0.080661,0.065780,0.020885,1.967046,-0.266235,1.646091,-0.117623,1.789818,-0.415832,1.493889,-0.339405,2.107316
126400,0.990659,0.833396,0.075193,0.062080,0.023757,1.968394,-0.262444,1.647560,-0.114655,1.791095,-0.412579,1.494948,-0.336343,2.108995
126720,0.992475,0.833383,0.070057,0.057945,0.027166,1.968540,-0.259036,1.648499,-0.111679,1.792313,-0.409321,1.495998,-0.333171,2.110565
127040,0.987223,0.833514,0.069751,0.057395,0.030022,1.969605,-0.255623,1.649719,-0.108694,1.793476,-0.406042,1.497064,-0.329137,2.112027
127360,0.994010,0.833510,0.067034,0.055539,0.033360,1.970096,-0.252177,1.650571,-0.105729,1.793857,-0.402760,1.498071,-0.325167,2.113680
127680,0.989715,0.833684,0.057479,0.047427,0.037127,1.969978,-0.248700,1.651142,-0.102742,1.794036,-0.399460,1.498860,-0.320906,2.114260
128000,0.986292,0.833677,0.048891,0.040200,0.041249,1.968551,-0.245532,1.651007,-0.099751,1.794412,-0.396111,1.499463,-0.317602,2.115079
128320,0.995359,0.833745,0.057264,0.047522,0.044209,1.968574,-0.242081,1.651366,-0.096560,1.794887,-0.392752,1.499969,-0.314018,2.116035
128640,0.998267,0.833840,0.059307,0.049367,0.047001,1.969816,-0.238460,1.652158,-0.093581,1.795444,-0.389438,1.500377,-0.309877,2.116806
128960,0.965913,0.833747,0.062119,0.050026,0.051019,1.969599,-0.235565,1.652966,-0.090439,1.796230,-0.386126,1.500893,-0.306415,2.117774
129280,0.989961,0.833659,0.071312,0.058853,0.054005,1.969954,-0.232252,1.653327,-0.087459,1.797123,-0.382854,1.501455,-0.302928,2.119252
129600,0.992513,0.833681,0.070731,0.058526,0.057034,1.970818,-0.228598,1.654665,-0.084532,1.798302,-0.379600,1.502025,-0.300010,2.120256
129920,0.991543,0.833495,0.071495,0.059086,0.059653,1.972870,-0.225223,1.655525,-0.081473,1.799529,-0.376361,1.502637,-0.296889,2.121638
130240,0.987669,0.833498,0.060822,0.050070,0.062870,1.973565,-0.221916,1.656622,-0.078509,1.800642,-0.373130,1.503285,-0.293181,2.122880
130560,0.982952,0.833200,0.071482,0.058544,0.066193,1.974043,-0.218569,1.657270,-0.075313,1.801775,-0.370047,1.503633,-0.289831,2.124604
130880,0.986613,0.833140,0.077384,0.063609,0.069205,1.974875,-0.214801,1.658275,-0.072204,1.803202,-0.366871,1.503751,-0.286407,2.125518
131200,0.960489,0.832545,0.062965,0.050350,0.072514,1.975504,-0.211816,1.658463,-0.069022,1.804072,-0.363854,1.503289,-0.283205,2.127273
131520,0.967997,0.832235,0.057328,0.046184,0.076125,1.976144,-0.208076,1.659401,-0.066027,1.804981,-0.360755,1.502716,-0.279696,2.128163
131840,0.983875,0.831931,0.062286,0.050982,0.079292,1.976486,-0.204772,1.659450,-0.062957,1.805934,-0.357723,1.502197,-0.276359,2.128945
132160,0.893233,0.831236,0.070264,0.052170,0.082224,1.977877,-0.201512,1.660373,-0.059813,1.806748,-0.355879,1.501629,-0.273012,2.130671
132480,0.938246,0.830510,0.047063,0.036673,0.085233,1.979107,-0.198341,1.660637,-0.056838,1.807734,-0.353865,1.499755,-0.269484,2.131181
132800,0.944459,0.829856,0.033801,0.026492,0.088899,1.978698,-0.195363,1.660283,-0.053424,1.808546,-0.351449,1.497963,-0.266494,2.131275
133120,0.936705,0.829508,0.029434,0.022870,0.092287,1.979062,-0.192387,1.659855,-0.049281,1.808614,-0.348914,1.496367,-0.264118,2.129406
133440,0.964263,0.828792,0.038635,0.030876,0.095664,1.979531,-0.189593,1.658894,-0.044721,1.808091,-0.346348,1.494844,-0.261195,2.128985
133760,0.947833,0.828152,0.053926,0.042330,0.098468,1.980786,-0.186335,1.659442,-0.041668,1.808705,-0.343603,1.493574,-0.258367,2.130171
134080,0.946690,0.827561,0.057134,0.044761,0.101690,1.981568,-0.183145,1.659787,-0.038708,1.809958,-0.340914,1.492562,-0.254841,2.131538
134400,0.942620,0.827081,0.052611,0.041017,0.105004,1.981979,-0.179862,1.660442,-0.035298,1.811290,-0.338069,1.491563,-0.251539,2.132544
134720,0.967777,0.826611,0.063046,0.050435,0.107793,1.983398,-0.176492,1.661034,-0.032018,1.812545,-0.335191,1.490811,-0.248301,2.133656
135040,0.971522,0.826105,0.068680,0.055121,0.111006,1.984100,-0.173198,1.661610,-0.029229,1.813862,-0.332260,1.490306,-0.245335,2.135308
135360,0.978783,0.825760,0.065198,0.052695,0.113779,1.985484,-0.169651,1.662763,-0.025947,1.815361,-0.329340,1.489978,-0.242560,2.136458
135680,0.966795,0.825286,0.084162,0.067152,0.116386,1.987779,-0.166124,1.663481,-0.023129,1.816969,-0.326382,1.489848,-0.239562,2.138092
136000,0.975867,0.825007,0.065684,0.052882,0.119113,1.988979,-0.163013,1.664873,-0.020604,1.818780,-0.323363,1.489927,-0.236772,2.139949
136320,0.983208,0.824673,0.071615,0.058067,0.122432,1.989501,-0.159824,1.666119,-0.017462,1.820532,-0.320180,1.490264,-0.234396,2.141778
136640,0.974017,0.824557,0.094111,0.075583,0.124911,1.992041,-0.156325,1.666999,-0.014034,1.822520,-0.316874,1.490852,-0.231148,2.142660
136960,0.991670,0.824305,0.102472,0.083764,0.127597,1.993797,-0.153026,1.668675,-0.010564,1.823781,-0.313532,1.491704,-0.228506,2.144803
137280,0.984740,0.824412,0.082298,0.066812,0.130189,1.995436,-0.150085,1.670251,-0.007216,1.825806,-0.310326,1.492797,-0.224914,2.146013
137600,0.987978,0.824362,0.079170,0.064480,0.133878,1.995576,-0.147118,1.671239,-0.004419,1.827297,-0.307077,1.494165,-0.221578,2.147916
137920,0.982571,0.824552,0.078136,0.063304,0.137227,1.996437,-0.143531,1.672597,-0.000549,1.828749,-0.303893,1.495793,-0.218647,2.148493
138240,0.995601,0.824677,0.079354,0.065153,0.140033,1.997828,-0.140412,1.674196,0.003095,1.829662,-0.300735,1.497621,-0.215948,2.149744
138560,0.985592,0.824932,0.102063,0.082982,0.143112,1.999269,-0.136810,1.675442,0.006194,1.831439,-0.297645,1.499688,-0.211984,2.151049
138880,0.988518,0.825231,0.094622,0.077189,0.146390,1.999910,-0.133512,1.677259,0.009437,1.832729,-0.294599,1.501937,-0.208847,2.152394
139200,0.970382,0.825387,0.075670,0.060607,0.149782,2.000452,-0.130706,1.678040,0.012616,1.834251,-0.291544,1.504384,-0.206137,2.153744
139520,0.988403,0.825630,0.089093,0.072705,0.152648,2.002901,-0.126867,1.679756,0.016672,1.835742,-0.288544,1.506985,-0.203244,2.154566
139840,0.981366,0.826019,0.095558,0.077462,0.155418,2.004262,-0.123479,1.681824,0.019381,1.837252,-0.285604,1.509594,-0.200262,2.156121
140160,0.987589,0.826166,0.085904,0.070090,0.158714,2.005001,-0.120406,1.683406,0.022444,1.838929,-0.282660,1.512259,-0.197890,2.157995
140480,0.981269,0.826551,0.107967,0.087568,0.161585,2.007685,-0.117246,1.685323,0.025315,1.841148,-0.279682,1.515012,-0.194620,2.158848
140800,0.994483,0.826634,0.108037,0.088814,0.164216,2.009795,-0.113985,1.687440,0.029088,1.842387,-0.276747,1.517650,-0.191956,2.160925
141120,0.955634,0.826872,0.094000,0.074278,0.167241,2.011352,-0.111066,1.689280,0.032245,1.844514,-0.273736,1.520318,-0.189040,2.162545
141440,0.953495,0.827336,0.093285,0.073589,0.170340,2.011708,-0.108096,1.691066,0.034738,1.846271,-0.270657,1.523024,-0.185920,2.164192
141760,0.967632,0.827813,0.076599,0.061357,0.173459,2.011816,-0.105260,1.692474,0.038904,1.848081,-0.267649,1.525679,-0.182990,2.164801
142080,0.920898,0.828612,0.048063,0.036675,0.176484,2.011395,-0.101971,1.693294,0.042861,1.848617,-0.264507,1.528151,-0.179359,2.164358
142400,0.951222,0.829277,0.048066,0.037915,0.179475,2.010334,-0.099002,1.693498,0.047605,1.848696,-0.261137,1.530569,-0.176427,2.163957
142720,0.923997,0.830141,0.042234,0.032395,0.182130,2.008940,-0.095827,1.693601,0.051461,1.848418,-0.257733,1.532690,-0.173475,2.163211
143040,0.910213,0.831143,0.023524,0.017797,0.184504,2.007109,-0.092854,1.693124,0.054984,1.847466,-0.254273,1.534545,-0.170815,2.161746
143360,0.924129,0.832122,0.032858,0.025268,0.186692,2.005078,-0.089866,1.692719,0.058876,1.846842,-0.250744,1.536093,-0.168214,2.160289
143680,0.935656,0.833033,0.022306,0.017386,0.188928,2.003092,-0.087010,1.691763,0.062139,1.846346,-0.247143,1.537384,-0.165522,2.158872
144000,0.921731,0.833937,0.020524,0.015776,0.191260,2.001234,-0.084085,1.691283,0.065258,1.844623,-0.243504,1.538336,-0.162979,2.157219
144320,0.826336,0.834862,0.011282,0.007783,0.193691,1.999473,-0.081420,1.689801,0.065809,1.841745,-0.239985,1.538859,-0.161040,2.154988
144640,0.896201,0.835696,0.006425,0.004812,0.196214,1.997853,-0.079616,1.687399,0.065758,1.837986,-0.236580,1.538683,-0.160157,2.151307
144960,0.970090,0.836408,0.003670,0.002978,0.198801,1.996330,-0.077901,1.684855,0.068000,1.833714,-0.233171,1.537793,-0.158286,2.146737
145280,0.993200,0.836517,0.007941,0.006598,0.201420,1.994886,-0.075438,1.683165,0.071232,1.831254,-0.229865,1.536676,-0.155903,2.145013
145600,0.971324,0.836639,0.031224,0.025374,0.204195,1.993337,-0.072462,1.682299,0.074662,1.830882,-0.226432,1.535691,-0.152310,2.144523
145920,0.950624,0.836635,0.051930,0.041301,0.206799,1.991858,-0.069414,1.682266,0.078045,1.831643,-0.223009,1.535141,-0.149033,2.145527
146240,0.965668,0.836833,0.043229,0.034933,0.209438,1.990427,-0.066354,1.682624,0.081513,1.832909,-0.219574,1.534989,-0.145975,2.146056
146560,0.983585,0.837225,0.042748,0.035202,0.212112,1.989079,-0.063255,1.682786,0.085598,1.833749,-0.216102,1.535059,-0.142526,2.145678
146880,0.970468,0.837636,0.022498,0.018289,0.214818,1.987778,-0.060079,1.682836,0.089462,1.832530,-0.212567,1.535009,-0.138885,2.144828
147200,0.915380,0.838329,0.008729,0.006698,0.217609,1.986298,-0.057002,1.682095,0.091672,1.829720,-0.209225,1.534565,-0.135679,2.142768
147520,0.865018,0.838879,0.002529,0.001835,0.220360,1.984490,-0.054144,1.680789,0.092259,1.826408,-0.205995,1.533594,-0.133755,2.140399
147840,0.910514,0.839382,0.000000,0.000000,0.222873,1.982856,-0.052101,1.678537,0.092317,1.823079,-0.203136,1.532006,-0.132957,2.136530
148160,0.983175,0.839604,0.000000,0.000000,0.225445,1.981315,-0.050076,1.676162,0.093605,1.818594,-0.200520,1.529965,-0.131444,2.132869
148480,0.992728,0.839486,0.000286,0.000238,0.228056,1.979833,-0.047927,1.673864,0.096222,1.816083,-0.197960,1.527803,-0.128389,2.130849
148800,0.978338,0.839338,0.025332,0.020802,0.230924,1.978073,-0.045173,1.672201,0.100141,1.815386,-0.195005,1.526204,-0.124853,2.129938
149120,0.953185,0.839182,0.022059,0.017645,0.233450,1.976467,-0.042278,1.671021,0.103930,1.815680,-0.191926,1.525039,-0.121867,2.129925
149440,0.957062,0.839112,0.035806,0.028755,0.236054,1.974980,-0.039163,1.670527,0.107528,1.816256,-0.188726,1.524007,-0.118896,2.130100
149760,0.969213,0.839121,0.031060,0.025261,0.238703,1.973585,-0.036074,1.670192,0.110975,1.817048,-0.185545,1.523443,-0.115921,2.130431
150080,0.989368,0.839214,0.031364,0.026041,0.241371,1.972226,-0.032942,1.669816,0.115073,1.817441,-0.182287,1.522895,-0.112962,2.129944
150400,0.987174,0.839404,0.008910,0.007383,0.244037,1.970871,-0.029764,1.669334,0.118428,1.816197,-0.179020,1.522253,-0.110098,2.128895
150720,0.908253,0.840108,0.000000,0.000000,0.246653,1.969406,-0.026814,1.668198,0.119557,1.813493,-0.176025,1.520980,-0.107364,2.126085
151040,0.947313,0.840352,0.000000,0.000000,0.249272,1.967692,-0.024387,1.666238,0.119666,1.809759,-0.173398,1.519154,-0.105825,2.123456
151360,0.982141,0.840653,0.000000,0.000000,0.251899,1.965901,-0.022459,1.663722,0.121517,1.805467,-0.171064,1.516863,-0.103778,2.119042
151680,0.997326,0.840492,0.000000,0.000000,0.254426,1.964297,-0.020244,1.661371,0.124889,1.802626,-0.168479,1.514843,-0.101955,2.116548
152000,0.989702,0.840571,0.017716,0.014738,0.257154,1.962640,-0.017432,1.659683,0.128786,1.801855,-0.165474,1.513357,-0.098690,2.114705
152320,0.936939,0.840183,0.024621,0.019382,0.259757,1.961169,-0.014642,1.658236,0.132273,1.801929,-0.162770,1.511625,-0.095685,2.114718
152640,0.926985,0.839873,0.036096,0.028103,0.262431,1.959822,-0.011569,1.657378,0.135528,1.802913,-0.159732,1.510572,-0.092360,2.115823
152960,0.980491,0.839801,0.040403,0.033268,0.265120,1.958505,-0.008411,1.656931,0.138920,1.804132,-0.156567,1.509956,-0.088864,2.116240
153280,0.986127,0.839725,0.019067,0.015789,0.267817,1.957186,-0.005181,1.656645,0.143159,1.803788,-0.153320,1.509506,-0.085876,2.115580
153600,0.929600,0.840250,0.005025,0.003925,0.270482,1.955813,-0.002075,1.655980,0.145035,1.801496,-0.150280,1.508599,-0.083308,2.114045
153920,0.944095,0.840965,0.000000,0.000000,0.273092,1.954344,0.000609,1.654397,0.144905,1.798126,-0.147617,1.506970,-0.081327,2.110711
154240,0.981292,0.841030,0.000000,0.000000,0.275639,1.952762,0.002606,1.651937,0.146435,1.793995,-0.145397,1.504662,-0.079640,2.107213
154560,0.994289,0.840901,0.000000,0.000000,0.278138,1.951106,0.004673,1.649488,0.148767,1.791381,-0.142959,1.502534,-0.077846,2.104800
154880,0.983301,0.840791,0.013657,0.011291,0.280768,1.949362,0.007179,1.647472,0.152573,1.790361,-0.140234,1.500789,-0.074519,2.103320
155200,0.962066,0.840735,0.020590,0.016654,0.283241,1.947683,0.010119,1.646303,0.156374,1.790366,-0.137262,1.499601,-0.071548,2.102831
155520,0.982976,0.840613,0.025524,0.021091,0.285806,1.946122,0.013291,1.645414,0.160402,1.790663,-0.134224,1.498482,-0.068553,2.102547
155840,0.982246,0.840374,0.029690,0.024508,0.288402,1.944655,0.016457,1.644599,0.163944,1.790657,-0.131199,1.497604,-0.065582,2.102227
156160,0.982802,0.840269,0.025155,0.020773,0.291057,1.943254,0.019703,1.643866,0.166874,1.790664,-0.128138,1.496664,-0.062609,2.101797
156480,0.990771,0.840157,0.010982,0.009141,0.293731,1.941887,0.023058,1.643197,0.170819,1.789976,-0.124964,1.495816,-0.059648,2.101061
156800,0.936756,0.840587,0.000676,0.000532,0.296408,1.940546,0.026313,1.642030,0.172488,1.787540,-0.122074,1.494508,-0.057138,2.099401
157120,0.934288,0.841442,0.000000,0.000000,0.299074,1.939166,0.028951,1.639871,0.172131,1.784177,-0.119524,1.492711,-0.055005,2.096200
157440,0.956364,0.841397,0.000000,0.000000,0.301772,1.937523,0.030239,1.636899,0.172969,1.779748,-0.117546,1.490209,-0.053542,2.092517
157760,0.945372,0.841278,0.000000,0.000000,0.304322,1.935961,0.030405,1.633877,0.174738,1.775856,-0.116071,1.487342,-0.052022,2.087991
158080,0.904390,0.840577,0.000000,0.000000,0.306900,1.934438,0.030320,1.630881,0.178027,1.772871,-0.114566,1.484561,-0.050298,2.085557
158400,0.720840,0.839636,0.020428,0.012364,0.309486,1.932937,0.029843,1.627917,0.180925,1.772389,-0.113203,1.481792,-0.047429,2.084928
158720,0.698949,0.838549,0.020266,0.011878,0.312075,1.931441,0.028517,1.625216,0.184946,1.773004,-0.112450,1.478925,-0.044032,2.084243
159040,0.821888,0.837346,0.003412,0.002348,0.314661,1.929915,0.027228,1.622510,0.188032,1.771631,-0.111550,1.476042,-0.041033,2.084264
159360,0.857025,0.836667,0.000000,0.000000,0.317242,1.928413,0.026099,1.619733,0.189043,1.768840,-0.112199,1.473108,-0.038478,2.081400
159680,0.884093,0.836005,0.000000,0.000000,0.319945,1.926763,0.025136,1.616897,0.189124,1.765031,-0.113352,1.470232,-0.037557,2.077684
160000,0.875155,0.835710,0.000000,0.000000,0.322544,1.925276,0.024119,1.614089,0.190294,1.760798,-0.114409,1.467324,-0.037047,2.071622
160320,0.889222,0.835272,0.000000,0.000000,0.325182,1.923851,0.023247,1.611229,0.192968,1.756806,-0.114658,1.464289,-0.035669,2.066289
160640,0.850146,0.834448,0.000000,0.000000,0.327833,1.922443,0.022451,1.608343,0.196285,1.753501,-0.114410,1.461248,-0.033273,2.063246
160960,0.716018,0.833089,0.013998,0.008350,0.330487,1.921064,0.021751,1.605432,0.199280,1.751080,-0.114101,1.458262,-0.030306,2.063207
161280,0.804220,0.831881,0.011683,0.007816,0.333147,1.919664,0.021174,1.602481,0.201193,1.748664,-0.114241,1.455272,-0.025479,2.063542
161600,0.835963,0.830794,0.012187,0.008464,0.336086,1.917571,0.020586,1.599537,0.202866,1.745991,-0.114522,1.452302,-0.021200,2.063086
161920,0.881047,0.830072,0.000000,0.000000,0.338949,1.914401,0.020065,1.596585,0.204852,1.743542,-0.114877,1.449329,-0.016884,2.061513
162240,0.912067,0.829416,0.000000,0.000000,0.341635,1.910321,0.019375,1.593675,0.207136,1.741497,-0.114831,1.446359,-0.015361,2.059001
162560,0.831988,0.828655,0.000000,0.000000,0.343677,1.908140,0.018389,1.590847,0.209607,1.739782,-0.115171,1.443371,-0.015084,2.055637
162880,0.792184,0.828342,0.003861,0.002533,0.346370,1.906846,0.017471,1.588001,0.212405,1.738305,-0.115544,1.440419,-0.014734,2.049008
163200,0.734829,0.827757,0.013636,0.008294,0.349350,1.906394,0.016558,1.585145,0.215414,1.737656,-0.115610,1.437446,-0.013898,2.043109
163520,0.724804,0.826976,0.015877,0.009517,0.352431,1.906316,0.015562,1.582322,0.218651,1.737358,-0.116048,1.434482,-0.011967,2.038059
163840,0.741702,0.825623,0.015672,0.009597,0.355512,1.906134,0.014574,1.579482,0.222019,1.736869,-0.115251,1.431568,-0.009700,2.036201
164160,0.666255,0.823866,0.019999,0.010977,0.358548,1.905657,0.013687,1.576614,0.225378,1.736145,-0.115934,1.428654,-0.006688,2.036390
164480,0.719071,0.822277,0.021990,0.013002,0.361466,1.904919,0.012869,1.573721,0.228611,1.735290,-0.115788,1.425675,-0.003387,2.036496
164800,0.699900,0.820793,0.011374,0.006534,0.364201,1.903700,0.012181,1.570803,0.231752,1.734640,-0.115477,1.422753,-0.000238,2.036716
165120,0.659081,0.819527,0.013893,0.007504,0.366633,1.901946,0.011629,1.567864,0.235021,1.733869,-0.117270,1.420316,0.003144,2.036199
165440,0.816726,0.817985,0.013815,0.009229,0.368978,1.900085,0.011205,1.564904,0.238241,1.732882,-0.117584,1.417391,0.005953,2.037178
165760,0.787144,0.816968,0.005476,0.003521,0.371381,1.898291,0.010470,1.561984,0.241467,1.731640,-0.115617,1.415156,0.009452,2.036722
166080,0.545499,0.815486,0.015392,0.006847,0.373865,1.896619,0.008208,1.560019,0.244607,1.730169,-0.114297,1.412528,0.012273,2.037526
166400,0.483308,0.814102,0.004527,0.001781,0.376399,1.895018,0.005471,1.558850,0.247594,1.728621,-0.115428,1.409742,0.015504,2.037562
166720,0.475401,0.813049,0.002655,0.001026,0.378953,1.893462,0.003028,1.557132,0.250352,1.727403,-0.118173,1.408738,0.018607,2.036058
167040,0.658135,0.812498,0.002495,0.001334,0.381526,1.891931,0.001518,1.554554,0.253227,1.726531,-0.121179,1.408747,0.020182,2.031663
167360,0.788457,0.811902,0.002266,0.001451,0.384133,1.890433,0.000588,1.551711,0.255955,1.725480,-0.123239,1.406604,0.020626,2.026403
167680,0.872702,0.811544,0.000838,0.000594,0.386749,1.888943,-0.000159,1.548808,0.258696,1.724291,-0.122945,1.403641,0.021408,2.020518
168000,0.856374,0.811395,0.000217,0.000151,0.389312,1.887396,-0.000733,1.545866,0.261317,1.722978,-0.121526,1.400200,0.022629,2.014131
168320,0.837292,0.810220,0.000000,0.000000,0.391866,1.885832,-0.001121,1.542901,0.264086,1.721494,-0.123180,1.392473,0.024634,2.009944
168640,0.708099,0.808499,0.005579,0.003194,0.394394,1.884221,-0.001300,1.539909,0.266816,1.719708,-0.127236,1.385719,0.027205,2.008520
168960,0.658295,0.806498,0.011983,0.006362,0.396861,1.882511,-0.001364,1.536907,0.269618,1.717630,-0.130963,1.382081,0.030116,2.009220
169280,0.677014,0.804643,0.009812,0.005345,0.399346,1.880833,-0.001267,1.533915,0.272329,1.715310,-0.134899,1.379008,0.033284,2.009128
169600,0.586029,0.802776,0.014655,0.006895,0.401859,1.879189,-0.001123,1.530924,0.274920,1.712734,-0.138756,1.376099,0.036526,2.009337
169920,0.681105,0.800894,0.006242,0.003405,0.404402,1.877594,-0.001005,1.527928,0.277345,1.709933,-0.142402,1.373174,0.039581,2.009675
170240,0.628886,0.799171,0.009671,0.004860,0.406994,1.876080,-0.001369,1.524953,0.279647,1.706858,-0.145848,1.370161,0.042943,2.009171
170560,0.669179,0.797120,0.010685,0.005700,0.409611,1.874633,-0.002011,1.522020,0.281710,1.703622,-0.149133,1.367059,0.045747,2.010133
170880,0.755887,0.795606,0.003148,0.001893,0.412248,1.873222,-0.002525,1.519062,0.283128,1.700840,-0.152207,1.363899,0.049490,2.009215
171200,0.835350,0.794252,0.000000,0.000000,0.414906,1.871844,-0.002937,1.516093,0.284345,1.697982,-0.155057,1.360673,0.051454,2.007023
171520,0.843959,0.793472,0.000000,0.000000,0.417568,1.870455,-0.003324,1.513127,0.285582,1.694664,-0.157708,1.357365,0.052426,2.001537
171840,0.851360,0.792719,0.000000,0.000000,0.420182,1.869004,-0.004073,1.510227,0.287073,1.690627,-0.160180,1.353974,0.053221,1.995631
172160,0.858666,0.792166,0.000000,0.000000,0.422677,1.867349,-0.004951,1.507369,0.288466,1.686388,-0.162528,1.350560,0.053922,1.988929
172480,0.868318,0.791654,0.000000,0.000000,0.425089,1.865588,-0.006039,1.504571,0.289737,1.681982,-0.164790,1.347146,0.055207,1.982396
172800,0.865127,0.790987,0.000000,0.000000,0.427550,1.863870,-0.006935,1.501714,0.290876,1.677636,-0.166966,1.343743,0.055978,1.976583
173120,0.861202,0.790435,0.000000,0.000000,0.430135,1.862352,-0.007679,1.498810,0.292036,1.673311,-0.169009,1.340324,0.057310,1.970200
173440,0.859097,0.789718,0.000097,0.000066,0.432800,1.860978,-0.008273,1.495872,0.293254,1.668882,-0.170896,1.336867,0.058729,1.964612
173760,0.876695,0.788928,0.000000,0.000000,0.435429,1.859546,-0.008719,1.492919,0.294526,1.664518,-0.172610,1.333370,0.061222,1.959996
174080,0.789285,0.787668,0.003807,0.002367,0.437914,1.857868,-0.009045,1.489943,0.295888,1.660240,-0.174159,1.329850,0.063611,1.958292
174400,0.630428,0.785997,0.016611,0.008231,0.440433,1.856242,-0.009324,1.486961,0.297381,1.656074,-0.175557,1.326319,0.066511,1.959014
174720,0.790060,0.784288,0.007462,0.004624,0.442967,1.854639,-0.009747,1.483994,0.299020,1.652047,-0.176833,1.322762,0.069298,1.959864
175040,0.739039,0.782896,0.006687,0.003869,0.445453,1.852963,-0.010472,1.481095,0.300780,1.648079,-0.178042,1.319221,0.072446,1.959147
175360,0.718741,0.781383,0.007849,0.004408,0.447965,1.851311,-0.011696,1.478366,0.301877,1.644788,-0.179293,1.315729,0.075426,1.959406
175680,0.515700,0.780182,0.013306,0.005354,0.450511,1.849736,-0.013290,1.475831,0.300592,1.642060,-0.180687,1.312326,0.078453,1.959266
176000,0.744111,0.779054,0.002146,0.001244,0.453100,1.848207,-0.014784,1.473237,0.298727,1.639725,-0.182202,1.309015,0.081643,1.959065
176320,0.611343,0.777674,0.013616,0.006474,0.455697,1.846725,-0.016112,1.470549,0.298614,1.636010,-0.183760,1.305773,0.084586,1.958902
176640,0.556144,0.776272,0.032794,0.014158,0.458436,1.845215,-0.017297,1.467786,0.297513,1.633233,-0.185323,1.302626,0.089427,1.960119
176960,0.475726,0.774895,0.030117,0.011102,0.461143,1.843291,-0.018346,1.464974,0.294939,1.631354,-0.186936,1.299634,0.094048,1.962428
177280,0.507225,0.773518,0.031098,0.012201,0.463875,1.840353,-0.019274,1.462118,0.292147,1.629767,-0.188562,1.296629,0.098558,1.965326
177600,0.571076,0.772398,0.029815,0.013151,0.465927,1.836449,-0.020130,1.459249,0.289614,1.628101,-0.190109,1.293610,0.102868,1.967804
177920,0.571914,0.771528,0.019035,0.008399,0.467295,1.832443,-0.020909,1.456366,0.286727,1.626590,-0.191573,1.290591,0.106824,1.969768
178240,0.585744,0.770686,0.024145,0.010900,0.468244,1.828430,-0.021637,1.453462,0.283914,1.625004,-0.192995,1.287595,0.111317,1.972028
178560,0.580904,0.769977,0.018176,0.008130,0.469009,1.824403,-0.022362,1.450557,0.281071,1.623581,-0.194347,1.284572,0.114556,1.973443
178880,0.632060,0.769120,0.022825,0.011096,0.469536,1.820504,-0.023055,1.447636,0.278642,1.621674,-0.195683,1.281572,0.118723,1.975687
179200,0.615783,0.768644,0.012447,0.005891,0.470075,1.816736,-0.023773,1.444720,0.275635,1.620317,-0.196987,1.278612,0.123274,1.976204
179520,0.650478,0.767842,0.021493,0.010735,0.470420,1.813128,-0.024512,1.441819,0.273137,1.618452,-0.198335,1.275652,0.126689,1.977901
179840,0.781267,0.767287,0.003884,0.002328,0.470832,1.809649,-0.025162,1.438896,0.270637,1.616576,-0.200074,1.272745,0.131134,1.978011
180160,0.955772,0.767091,0.000000,0.000000,0.471109,1.806154,-0.025677,1.435938,0.268608,1.614290,-0.201794,1.270073,0.133236,1.975922
180480,0.976717,0.766967,0.000000,0.000000,0.471127,1.802597,-0.026121,1.432977,0.268059,1.611320,-0.203239,1.267445,0.133078,1.972949
180800,0.932503,0.766775,0.000000,0.000000,0.470882,1.799013,-0.026632,1.430027,0.268568,1.607946,-0.204529,1.265477,0.130329,1.970364
181120,0.956257,0.766652,0.000000,0.000000,0.470330,1.795537,-0.027707,1.427228,0.268096,1.605004,-0.206869,1.263617,0.129066,1.967429
181440,0.979082,0.766664,0.000000,0.000000,0.469813,1.792018,-0.029134,1.424583,0.267029,1.602217,-0.209078,1.261597,0.128762,1.964097
181760,0.982718,0.766528,0.000000,0.000000,0.469035,1.788613,-0.030605,1.421966,0.265397,1.599689,-0.211142,1.259418,0.125959,1.961579
182080,0.990828,0.766549,0.000000,0.000000,0.467776,1.785413,-0.032011,1.419318,0.263379,1.597295,-0.213081,1.257042,0.124557,1.958977
182400,0.974714,0.766576,0.000000,0.000000,0.466427,1.782261,-0.033230,1.416580,0.261467,1.594872,-0.214877,1.254508,0.121997,1.956193
182720,0.995670,0.766515,0.000000,0.000000,0.464741,1.779308,-0.034275,1.413770,0.259693,1.592401,-0.216499,1.251830,0.119554,1.954127
183040,0.992401,0.766662,0.000000,0.000000,0.463142,1.776337,-0.035128,1.410908,0.258327,1.589715,-0.217917,1.249040,0.118585,1.951072
183360,0.993433,0.766614,0.000000,0.000000,0.461674,1.773301,-0.035797,1.407982,0.257852,1.586762,-0.219161,1.246153,0.116458,1.948450
183680,0.998290,0.766800,0.000000,0.000000,0.460444,1.770151,-0.036310,1.405020,0.257407,1.583810,-0.220183,1.243152,0.116265,1.944867
184000,0.994145,0.766868,0.000000,0.000000,0.459460,1.766973,-0.036624,1.402039,0.256772,1.580889,-0.220997,1.240063,0.115286,1.941790
184320,0.984762,0.766931,0.000000,0.000000,0.458490,1.763798,-0.036733,1.399047,0.255958,1.578007,-0.221572,1.236905,0.114003,1.938957
184640,0.985637,0.767166,0.000000,0.000000,0.457390,1.760640,-0.036647,1.396046,0.255041,1.575165,-0.222106,1.233994,0.113280,1.935804
184960,0.958373,0.767419,0.000000,0.000000,0.456297,1.757536,-0.036360,1.393062,0.254141,1.572306,-0.223537,1.232874,0.111316,1.933120
185280,0.942669,0.767730,0.000099,0.000071,0.455119,1.754441,-0.035890,1.390101,0.253212,1.569459,-0.225144,1.231093,0.110739,1.929825
185600,0.955355,0.767898,0.000000,0.000000,0.454004,1.751420,-0.035234,1.387185,0.252219,1.566634,-0.226652,1.229254,0.108882,1.927101
185920,0.944064,0.768132,0.000000,0.000000,0.452607,1.748511,-0.034407,1.384302,0.251251,1.563801,-0.228209,1.226806,0.107081,1.923774
186240,0.923962,0.768492,0.000000,0.000000,0.450849,1.745782,-0.033462,1.381496,0.250366,1.560949,-0.229446,1.224250,0.105098,1.920253
186560,0.961520,0.768687,0.000198,0.000146,0.448934,1.743330,-0.033990,1.379605,0.249753,1.558027,-0.230729,1.221431,0.103422,1.917205
186880,0.990395,0.768923,0.000000,0.000000,0.447745,1.740303,-0.034447,1.377994,0.249512,1.555040,-0.231631,1.218662,0.102776,1.914030
187200,0.994179,0.769043,0.000000,0.000000,0.447172,1.737024,-0.034919,1.376265,0.249146,1.552060,-0.232475,1.215808,0.102161,1.910936
187520,0.998272,0.769127,0.000000,0.000000,0.446811,1.733765,-0.035346,1.373919,0.248770,1.549087,-0.233068,1.212924,0.101693,1.907767
187840,0.998231,0.769205,0.000000,0.000000,0.446367,1.730546,-0.035688,1.371457,0.248513,1.546100,-0.233471,1.210018,0.100794,1.904697
188160,0.997506,0.769268,0.000000,0.000000,0.445926,1.727311,-0.035863,1.368476,0.248064,1.543136,-0.233664,1.206907,0.100531,1.901736
188480,0.981876,0.769405,0.000000,0.000000,0.445381,1.724198,-0.035926,1.365489,0.247424,1.540220,-0.233581,1.203691,0.099798,1.898629
188800,0.960359,0.769593,0.000000,0.000000,0.444598,1.721104,-0.035616,1.362509,0.246644,1.537329,-0.233240,1.200446,0.098600,1.895793
189120,0.930557,0.770141,0.000000,0.000000,0.442970,1.718372,-0.034948,1.359585,0.245852,1.534443,-0.232657,1.197215,0.096852,1.892027
189440,0.916697,0.770688,0.000000,0.000000,0.441196,1.715769,-0.034145,1.356691,0.245252,1.531509,-0.231836,1.193995,0.094742,1.888468
189760,0.919589,0.771128,0.000000,0.000000,0.439409,1.713342,-0.033142,1.353873,0.244894,1.528538,-0.230777,1.190827,0.092914,1.885691
190080,0.947730,0.771765,0.000000,0.000000,0.438084,1.710367,-0.031941,1.351131,0.244787,1.525550,-0.229492,1.187697,0.092678,1.882209
190400,0.969049,0.772255,0.000000,0.000000,0.437951,1.707038,-0.030545,1.348482,0.244546,1.522570,-0.227983,1.184623,0.092288,1.878850
190720,0.884981,0.772644,0.000000,0.000000,0.438168,1.703690,-0.028971,1.345930,0.244126,1.519602,-0.226279,1.181640,0.091465,1.876004
191040,0.881790,0.773532,0.000000,0.000000,0.437124,1.700808,-0.027212,1.343493,0.243508,1.516673,-0.224350,1.178738,0.089975,1.871945
191360,0.843967,0.774189,0.000000,0.000000,0.436065,1.697787,-0.025227,1.341135,0.242943,1.513724,-0.222199,1.175946,0.088165,1.869450
191680,0.806893,0.775258,0.000000,0.000000,0.434094,1.695384,-0.023045,1.338868,0.242219,1.510819,-0.219962,1.173285,0.086569,1.865855
192000,0.804413,0.776276,0.000000,0.000000,0.432519,1.692579,-0.020693,1.336742,0.241332,1.507960,-0.217545,1.170644,0.084961,1.862668
192320,0.821605,0.777252,0.000000,0.000000,0.431535,1.689529,-0.018175,1.334762,0.240274,1.505154,-0.214911,1.168147,0.083978,1.859864
192640,0.793724,0.778495,0.000000,0.000000,0.430405,1.686596,-0.015500,1.332943,0.239090,1.502394,-0.212202,1.165800,0.082515,1.856058
192960,0.762773,0.779446,0.000000,0.000000,0.429362,1.683555,-0.012688,1.331263,0.238425,1.499476,-0.209358,1.163539,0.080673,1.853673
193280,0.732112,0.780959,0.000000,0.000000,0.427135,1.681427,-0.009807,1.329688,0.237672,1.496586,-0.206423,1.161418,0.079236,1.849572
193600,0.726681,0.781943,0.000208,0.000118,0.425895,1.678484,-0.006842,1.328204,0.236834,1.493721,-0.203495,1.159398,0.077006,1.847544
193920,0.747074,0.783399,0.000256,0.000150,0.423934,1.676040,-0.003883,1.326771,0.235728,1.490930,-0.200500,1.157442,0.075524,1.844042
194240,0.769764,0.784644,0.000311,0.000188,0.422973,1.672883,-0.000896,1.325322,0.234459,1.488217,-0.197428,1.155549,0.074418,1.841245
194560,0.711500,0.786104,0.000307,0.000171,0.422081,1.669937,0.002120,1.323879,0.233099,1.485544,-0.194300,1.153756,0.072944,1.837315
194880,0.730223,0.787273,0.000000,0.000000,0.420636,1.667149,0.005047,1.322382,0.232586,1.482589,-0.191366,1.151982,0.070825,1.834548
195200,0.757383,0.788847,0.000000,0.000000,0.418443,1.664826,0.007998,1.320733,0.231945,1.479655,-0.188365,1.150149,0.069167,1.830382
195520,0.724175,0.789752,0.000000,0.000000,0.417491,1.661724,0.010922,1.319007,0.231647,1.476668,-0.185261,1.148332,0.066886,1.828425
195840,0.682468,0.791315,0.000000,0.000000,0.415217,1.659803,0.013776,1.317166,0.230515,1.473887,-0.182173,1.146583,0.065448,1.824492
196160,0.705018,0.792521,0.000000,0.000000,0.413345,1.657181,0.016496,1.315235,0.228712,1.471471,-0.179189,1.144798,0.063517,1.822226
196480,0.740241,0.793719,0.000000,0.000000,0.412029,1.654396,0.019047,1.313162,0.226788,1.469092,-0.176309,1.142916,0.061798,1.819362
196800,0.754015,0.795061,0.000000,0.000000,0.410521,1.651602,0.021489,1.310931,0.225269,1.466507,-0.173132,1.140918,0.059502,1.815651
197120,0.778986,0.796286,0.000000,0.000000,0.409006,1.648591,0.023873,1.308614,0.224735,1.463575,-0.169897,1.138998,0.058068,1.812482
197440,0.748444,0.797535,0.000000,0.000000,0.407427,1.646067,0.026290,1.306270,0.225539,1.460676,-0.166700,1.137053,0.055908,1.808213
197760,0.839937,0.798455,0.000000,0.000000,0.405643,1.643504,0.028811,1.303993,0.227499,1.458097,-0.163547,1.135053,0.054579,1.805513
198080,0.927373,0.799356,0.000724,0.000537,0.405636,1.640055,0.031446,1.301865,0.229979,1.456467,-0.160405,1.133022,0.054870,1.802113
198400,0.940140,0.799775,0.010460,0.007865,0.406955,1.636644,0.034236,1.299958,0.233389,1.456053,-0.157287,1.131012,0.057162,1.800265
198720,0.890313,0.799435,0.029661,0.021111,0.409451,1.634301,0.037276,1.298385,0.237335,1.456321,-0.154114,1.129058,0.060082,1.800779
199040,0.914960,0.798679,0.047352,0.034603,0.412562,1.634200,0.040373,1.297196,0.240400,1.457947,-0.150930,1.127252,0.063386,1.802537
199360,0.894381,0.797772,0.065956,0.047060,0.415657,1.635955,0.043644,1.296381,0.243869,1.459650,-0.147658,1.125608,0.066599,1.804372
199680,0.913241,0.797050,0.070439,0.051273,0.418153,1.638928,0.046899,1.295872,0.246429,1.461789,-0.144316,1.124163,0.070760,1.806343
200000,0.945705,0.796134,0.067851,0.051086,0.421401,1.640097,0.050302,1.295708,0.250392,1.463460,-0.140899,1.122943,0.073858,1.808983
200320,0.939614,0.795597,0.067995,0.050830,0.424934,1.640866,0.053584,1.295655,0.253331,1.465787,-0.137431,1.121944,0.077665,1.810675
200640,0.921473,0.795002,0.081084,0.059400,0.428054,1.641915,0.056949,1.295790,0.256305,1.467580,-0.133916,1.121142,0.081463,1.813142
200960,0.950026,0.794421,0.075936,0.057311,0.431151,1.643148,0.060249,1.296107,0.260094,1.469856,-0.130404,1.120532,0.083940,1.815046
201280,0.955448,0.793920,0.069081,0.052401,0.434135,1.645848,0.063566,1.296461,0.262487,1.471557,-0.126870,1.120134,0.088426,1.817260
201600,0.965420,0.793314,0.085300,0.065330,0.437551,1.647132,0.066891,1.296944,0.266137,1.473532,-0.123322,1.119889,0.091305,1.819558
201920,0.960837,0.792988,0.077955,0.059396,0.440882,1.648261,0.070100,1.297466,0.268601,1.475855,-0.119795,1.119784,0.094851,1.821433
202240,0.932927,0.792291,0.101916,0.075331,0.444077,1.650979,0.073419,1.298063,0.272258,1.477441,-0.116266,1.119812,0.098386,1.824112
202560,0.953961,0.791990,0.088400,0.066789,0.446685,1.653229,0.076688,1.298746,0.275573,1.479751,-0.112748,1.119956,0.101510,1.825838
202880,0.966266,0.791567,0.080732,0.061749,0.450160,1.654434,0.079958,1.299361,0.278307,1.480949,-0.109249,1.120214,0.105615,1.828358
203200,0.988453,0.791333,0.068079,0.053251,0.453825,1.655217,0.083218,1.299966,0.281422,1.482465,-0.105771,1.120525,0.108947,1.829670
203520,0.991894,0.791126,0.065927,0.051734,0.457444,1.655868,0.086386,1.300213,0.284294,1.483202,-0.102297,1.120852,0.113751,1.831236
203840,0.964025,0.791019,0.047534,0.036248,0.461073,1.656320,0.089562,1.300093,0.287023,1.481853,-0.098831,1.121061,0.118850,1.832094
204160,0.984390,0.791213,0.030346,0.023635,0.464820,1.656365,0.092702,1.299691,0.289543,1.480194,-0.095387,1.121096,0.124369,1.831425
204480,0.996514,0.791398,0.034214,0.026983,0.468428,1.656013,0.095835,1.299175,0.291988,1.478452,-0.091954,1.120965,0.129818,1.830891
204800,0.989081,0.791432,0.040210,0.031476,0.472158,1.655463,0.098981,1.298668,0.294922,1.477962,-0.088530,1.120718,0.134090,1.830544
205120,0.997409,0.791302,0.049979,0.039446,0.475745,1.655104,0.102082,1.298129,0.297887,1.477789,-0.085123,1.120420,0.139084,1.831154
205440,0.988237,0.791064,0.041263,0.032257,0.479369,1.654921,0.105119,1.297560,0.300862,1.477873,-0.081754,1.120055,0.142993,1.831749
205760,0.992010,0.790748,0.052139,0.040899,0.483006,1.654916,0.108157,1.297009,0.303824,1.477936,-0.078392,1.119638,0.147252,1.832675
206080,0.992535,0.790458,0.048106,0.037742,0.486604,1.655053,0.111172,1.296427,0.306803,1.477855,-0.075031,1.119183,0.151608,1.833392
206400,0.995234,0.790281,0.033635,0.026454,0.490188,1.655148,0.114175,1.295768,0.309767,1.477464,-0.071700,1.118681,0.156241,1.833547
206720,0.963901,0.790354,0.020321,0.015481,0.493800,1.654995,0.117158,1.295089,0.312697,1.476673,-0.068382,1.118127,0.159698,1.832191
207040,0.870317,0.790515,0.008900,0.006123,0.497235,1.654317,0.119988,1.293945,0.316335,1.475063,-0.065126,1.117458,0.160602,1.829402
207360,0.740671,0.790784,0.006221,0.003644,0.500217,1.652786,0.122897,1.292868,0.317765,1.472477,-0.061919,1.116571,0.159145,1.826771
207680,0.920766,0.791436,0.007215,0.005258,0.502578,1.650528,0.125851,1.291919,0.319098,1.469805,-0.058729,1.115654,0.158493,1.823487
208000,0.888045,0.792162,0.007812,0.005495,0.504932,1.648081,0.128855,1.291082,0.321376,1.467843,-0.055540,1.114774,0.159323,1.820185
208320,0.850760,0.792722,0.008037,0.005421,0.507410,1.646208,0.131778,1.290154,0.323922,1.466250,-0.052346,1.113900,0.158275,1.816602
208640,0.818901,0.793365,0.025292,0.016432,0.510355,1.646643,0.134863,1.289182,0.327957,1.463877,-0.049190,1.112979,0.158392,1.810690
208960,0.848870,0.793327,0.036363,0.024488,0.512550,1.649822,0.138005,1.288586,0.333429,1.461582,-0.045993,1.112154,0.159901,1.807523
209280,0.985495,0.793298,0.042024,0.032854,0.514925,1.651549,0.141115,1.288126,0.337199,1.461201,-0.042768,1.111459,0.163484,1.806513
209600,0.965963,0.792828,0.055802,0.042735,0.518572,1.650953,0.144411,1.287823,0.341975,1.461765,-0.039514,1.110909,0.167478,1.807797
209920,0.875942,0.792728,0.062187,0.043182,0.521648,1.648977,0.147645,1.287730,0.344955,1.463608,-0.036248,1.110503,0.170787,1.809347
210240,0.928227,0.792649,0.049165,0.036173,0.524587,1.647108,0.150929,1.287868,0.347951,1.465338,-0.032968,1.110279,0.174841,1.811366
210560,0.980573,0.792296,0.064405,0.050036,0.527594,1.646491,0.154257,1.288230,0.352107,1.467094,-0.029689,1.110237,0.177334,1.813368
210880,0.957393,0.792122,0.076131,0.057736,0.530267,1.648142,0.157475,1.288771,0.354242,1.469246,-0.026417,1.110373,0.180960,1.815011
211200,0.927432,0.791461,0.094767,0.069562,0.533013,1.651481,0.160715,1.289545,0.357537,1.471285,-0.023161,1.110727,0.182947,1.817453
211520,0.973834,0.791305,0.091190,0.070271,0.534765,1.654505,0.163874,1.290499,0.360295,1.473794,-0.019941,1.111278,0.186463,1.819445
211840,0.953049,0.790911,0.086514,0.065212,0.538087,1.655388,0.167088,1.291594,0.363297,1.475535,-0.016765,1.112029,0.189834,1.822295
212160,0.979716,0.790837,0.068454,0.053038,0.541463,1.655206,0.170227,1.292860,0.366667,1.477660,-0.013634,1.112920,0.192909,1.824044
212480,0.990965,0.790853,0.076943,0.060300,0.544439,1.656301,0.173358,1.294102,0.369202,1.479203,-0.010534,1.113940,0.197546,1.825903
212800,0.995080,0.790605,0.087597,0.068914,0.547653,1.657039,0.176519,1.295489,0.373243,1.480816,-0.007467,1.115044,0.200428,1.828051
213120,0.994650,0.790580,0.091027,0.071579,0.550749,1.658487,0.179637,1.296785,0.376287,1.482640,-0.004417,1.116194,0.204601,1.829619
213440,0.986813,0.790485,0.084043,0.065559,0.553956,1.659434,0.182793,1.298183,0.379592,1.483505,-0.001383,1.117407,0.208646,1.831575
213760,0.949108,0.790684,0.060185,0.045165,0.557441,1.660112,0.185956,1.299362,0.382550,1.482901,0.001629,1.118643,0.213920,1.832274
214080,0.966581,0.791031,0.048483,0.037070,0.561094,1.659842,0.189192,1.300233,0.385435,1.482159,0.004677,1.119797,0.218776,1.832269
214400,0.953107,0.791320,0.043966,0.033160,0.564666,1.659250,0.192458,1.300989,0.388389,1.481456,0.007779,1.120823,0.223479,1.832575
214720,0.988187,0.791632,0.061707,0.048272,0.568292,1.658566,0.195753,1.301556,0.391278,1.481032,0.010907,1.121739,0.228781,1.832802
215040,0.983383,0.791795,0.051087,0.039778,0.571814,1.658100,0.199046,1.302159,0.394258,1.480988,0.014057,1.122579,0.232801,1.833316
215360,0.991160,0.791908,0.057492,0.045126,0.575419,1.657862,0.202320,1.302754,0.397253,1.481203,0.017188,1.123392,0.237268,1.833973
215680,0.997275,0.791848,0.073803,0.058282,0.579066,1.657901,0.205618,1.303416,0.400669,1.481995,0.020334,1.124214,0.241344,1.835130
216000,0.992033,0.791782,0.079012,0.062062,0.582601,1.658217,0.208852,1.304127,0.404392,1.482759,0.023435,1.125063,0.245121,1.836084
216320,0.997085,0.791816,0.056633,0.044712,0.586191,1.658629,0.212162,1.304717,0.407403,1.483137,0.026519,1.125973,0.249754,1.836920
216640,0.993017,0.791819,0.069743,0.054838,0.589882,1.659038,0.215458,1.305449,0.411355,1.483079,0.029654,1.126836,0.254680,1.837588
216960,0.990084,0.791925,0.054356,0.042619,0.593448,1.659406,0.218695,1.306234,0.414971,1.483518,0.032716,1.127776,0.258822,1.837864
217280,0.995865,0.791927,0.070815,0.055848,0.597153,1.659710,0.222039,1.306831,0.419257,1.484003,0.035766,1.128781,0.262299,1.838111
217600,0.996557,0.791935,0.061323,0.048397,0.600701,1.660053,0.225329,1.307437,0.422239,1.484371,0.038743,1.129826,0.266104,1.838956
217920,0.996624,0.791892,0.076029,0.060004,0.604306,1.660645,0.228556,1.308198,0.425132,1.485131,0.041686,1.130962,0.270041,1.840092
218240,0.986684,0.791800,0.089275,0.069747,0.607760,1.661381,0.231724,1.309105,0.428363,1.486687,0.044545,1.132238,0.273074,1.841356
218560,0.998450,0.791649,0.073392,0.058011,0.611292,1.662413,0.234890,1.310244,0.431673,1.488036,0.047357,1.133587,0.277102,1.843052
218880,0.991337,0.791455,0.085471,0.067060,0.614725,1.663486,0.238055,1.311353,0.435233,1.489184,0.050117,1.135021,0.280574,1.844797
219200,0.995181,0.791457,0.084424,0.066496,0.618152,1.664605,0.241149,1.312492,0.438097,1.490097,0.052849,1.136492,0.284450,1.845923
219520,0.996667,0.791378,0.079321,0.062563,0.621644,1.665707,0.244266,1.313756,0.442029,1.491623,0.055500,1.138057,0.287726,1.847002
219840,0.978036,0.791305,0.077565,0.060029,0.625052,1.666845,0.247269,1.315095,0.445513,1.492941,0.058082,1.139741,0.291330,1.848393
220160,0.994314,0.791270,0.075431,0.059347,0.628491,1.668078,0.250303,1.316453,0.448267,1.494081,0.060654,1.141447,0.295354,1.849907
220480,0.985271,0.791257,0.081789,0.063763,0.631983,1.669281,0.253378,1.317720,0.452041,1.494925,0.063263,1.143127,0.299825,1.850989
220800,0.992047,0.791187,0.077702,0.060988,0.635419,1.670290,0.256485,1.318928,0.455910,1.495390,0.065901,1.144738,0.303066,1.852033
221120,0.990645,0.791229,0.087375,0.068487,0.638911,1.671335,0.259446,1.320410,0.459763,1.497005,0.068582,1.146316,0.307011,1.852860
221440,0.988193,0.791122,0.093625,0.073195,0.642395,1.672448,0.262487,1.321848,0.462947,1.498610,0.071299,1.147854,0.310109,1.854374
221760,0.997962,0.790975,0.078611,0.062052,0.645865,1.673782,0.265510,1.323323,0.466122,1.500171,0.074037,1.149365,0.313955,1.856190
222080,0.985024,0.790774,0.088773,0.069148,0.649258,1.675158,0.268517,1.324815,0.469812,1.501998,0.076778,1.150870,0.317316,1.858031
222400,0.990069,0.790493,0.081875,0.064079,0.652641,1.676660,0.271516,1.326400,0.474015,1.504020,0.079504,1.152393,0.319660,1.859835
222720,0.986570,0.790445,0.083488,0.065106,0.655957,1.678285,0.274471,1.327975,0.476190,1.506033,0.082227,1.153948,0.323420,1.861603
223040,0.974779,0.790096,0.097344,0.074971,0.659194,1.680022,0.277359,1.329747,0.480839,1.508409,0.084919,1.155523,0.325565,1.863663
223360,0.961589,0.789983,0.092402,0.070192,0.662426,1.681803,0.280311,1.331353,0.483298,1.510067,0.087617,1.157120,0.329465,1.865691
223680,0.971136,0.789811,0.101695,0.078002,0.665664,1.683604,0.283188,1.333126,0.487041,1.512604,0.090334,1.158707,0.331924,1.867311
224000,0.980509,0.789560,0.095735,0.074115,0.668938,1.685432,0.286174,1.334786,0.490310,1.514056,0.093056,1.160295,0.335309,1.869552
224320,0.989709,0.789557,0.098986,0.077351,0.672170,1.687194,0.289008,1.336523,0.493245,1.516653,0.095802,1.161856,0.338498,1.870831
224640,0.996527,0.789124,0.084930,0.066788,0.675426,1.689014,0.292002,1.338224,0.497227,1.518062,0.098604,1.163374,0.340212,1.873305
224960,0.983450,0.789200,0.083784,0.065028,0.678637,1.690904,0.294886,1.339924,0.498889,1.520576,0.101416,1.164850,0.344626,1.874888
225280,0.950529,0.788891,0.098088,0.073553,0.681828,1.692772,0.297743,1.341789,0.503474,1.522843,0.104225,1.166329,0.346877,1.876824
225600,0.993241,0.788599,0.091977,0.072043,0.685030,1.694565,0.300731,1.343350,0.506336,1.523697,0.106999,1.167850,0.349676,1.879220
225920,0.996083,0.788791,0.093598,0.073540,0.688304,1.696193,0.303637,1.344978,0.508759,1.526208,0.109747,1.169384,0.354059,1.880008
226240,0.961821,0.788456,0.078555,0.059572,0.691715,1.697509,0.306636,1.346718,0.513914,1.527553,0.112451,1.171000,0.356458,1.881897
226560,0.986262,0.788420,0.083276,0.064755,0.695157,1.698622,0.309669,1.348154,0.516758,1.528420,0.115151,1.172649,0.360861,1.883579
226880,0.893840,0.788828,0.050111,0.035332,0.698541,1.699545,0.312675,1.349610,0.519717,1.528517,0.117838,1.174310,0.364247,1.882905
227200,0.707364,0.789559,0.038921,0.021738,0.701879,1.699914,0.315773,1.350637,0.521759,1.526372,0.120542,1.175928,0.365882,1.880429
227520,0.487572,0.790494,0.026337,0.010151,0.704944,1.699321,0.318866,1.350960,0.521471,1.523411,0.123322,1.177435,0.365363,1.877485
227840,0.347614,0.791479,0.021561,0.005932,0.707155,1.697317,0.321844,1.350743,0.519697,1.521002,0.126164,1.178787,0.362890,1.875422
228160,0.372627,0.793458,0.031540,0.009325,0.707960,1.694471,0.324625,1.351866,0.516929,1.519801,0.129059,1.180040,0.360338,1.871291
228480,0.608758,0.796007,0.020103,0.009741,0.707195,1.691597,0.327548,1.352235,0.515616,1.517163,0.131918,1.181346,0.359495,1.865462
228800,0.644799,0.797835,0.014337,0.007376,0.705366,1.689228,0.329946,1.350385,0.517636,1.511859,0.134694,1.182552,0.359221,1.861228
229120,0.581877,0.798831,0.014303,0.006648,0.704766,1.686286,0.332409,1.348478,0.521267,1.508314,0.137449,1.183725,0.357161,1.859030
229440,0.476166,0.800689,0.037221,0.014191,0.702987,1.683869,0.335310,1.347804,0.525526,1.507864,0.140186,1.184949,0.355498,1.854480
229760,0.470008,0.802284,0.026712,0.010073,0.700798,1.679984,0.338301,1.347469,0.530376,1.507289,0.142809,1.186385,0.353545,1.852202
230080,0.367287,0.804049,0.039067,0.011537,0.698962,1.677651,0.341254,1.347010,0.533309,1.507587,0.145321,1.188014,0.351977,1.848972
230400,0.360768,0.805874,0.052612,0.015296,0.697046,1.674215,0.344978,1.348785,0.537761,1.507596,0.147891,1.189558,0.349764,1.846503
230720,0.313205,0.808655,0.053965,0.013668,0.694923,1.671846,0.349433,1.353157,0.539833,1.505455,0.150674,1.191095,0.347306,1.841528
231040,0.253667,0.811508,0.056981,0.011730,0.693401,1.668231,0.352791,1.358167,0.539618,1.502485,0.153841,1.193077,0.345458,1.838145
231360,0.212543,0.814658,0.057747,0.009999,0.692286,1.664727,0.355539,1.363108,0.537450,1.500397,0.156837,1.195398,0.343772,1.833972
231680,0.391548,0.817500,0.035178,0.011260,0.690651,1.662262,0.357812,1.364974,0.536635,1.497480,0.159770,1.197829,0.341578,1.828815
232000,0.563014,0.819531,0.021990,0.010146,0.689110,1.658619,0.360728,1.364469,0.538716,1.493671,0.162785,1.200230,0.339155,1.825468
232320,0.549229,0.821576,0.026845,0.012113,0.687219,1.655954,0.362544,1.361647,0.542286,1.492330,0.165943,1.202482,0.337009,1.820180
232640,0.440561,0.823058,0.033405,0.012113,0.686181,1.652275,0.363089,1.358258,0.545624,1.492018,0.169175,1.204551,0.335236,1.816847
232960,0.560627,0.824686,0.027291,0.012618,0.684517,1.649553,0.363415,1.355110,0.549757,1.492060,0.172542,1.206444,0.333596,1.812672
233280,0.629906,0.826451,0.018441,0.009600,0.683314,1.646541,0.364750,1.352345,0.552607,1.490409,0.175995,1.208100,0.331359,1.807979
233600,0.704235,0.828083,0.017040,0.009937,0.682110,1.643564,0.366187,1.349677,0.553135,1.487530,0.179412,1.209534,0.330039,1.805044
233920,0.640939,0.830002,0.016257,0.008649,0.683343,1.640824,0.368065,1.347308,0.551341,1.485115,0.182777,1.210791,0.329096,1.799748
234240,0.715940,0.831844,0.030592,0.018219,0.686136,1.639953,0.370770,1.346064,0.550240,1.481950,0.186110,1.211963,0.329503,1.793122
234560,0.633227,0.832789,0.037609,0.019833,0.688807,1.641660,0.373673,1.345086,0.551906,1.477668,0.189397,1.213134,0.329880,1.787941
234880,0.656850,0.833247,0.038480,0.021061,0.690597,1.644504,0.376616,1.344276,0.555162,1.474365,0.192536,1.214386,0.329771,1.784297
235200,0.589925,0.833590,0.050871,0.025016,0.692764,1.647119,0.379600,1.344482,0.559038,1.471923,0.195161,1.215891,0.328473,1.780439
235520,0.794641,0.834168,0.046772,0.031003,0.693943,1.650177,0.382594,1.344451,0.563000,1.470087,0.197572,1.217666,0.328989,1.776871
235840,0.956742,0.834436,0.046143,0.036837,0.696570,1.651486,0.385589,1.344559,0.567037,1.468717,0.200004,1.219426,0.331515,1.775352
236160,0.942465,0.834393,0.057921,0.045548,0.700804,1.650533,0.388615,1.345021,0.570308,1.468632,0.202507,1.221077,0.334787,1.776194
236480,0.982982,0.834477,0.072879,0.059781,0.703729,1.650038,0.391475,1.346085,0.573103,1.470206,0.205068,1.222636,0.337916,1.778152
236800,0.982408,0.834405,0.100703,0.082549,0.706596,1.651797,0.393901,1.347986,0.575683,1.472406,0.207836,1.224133,0.341313,1.780393
237120,0.973124,0.834319,0.097432,0.079104,0.708544,1.654539,0.396092,1.350183,0.578280,1.474272,0.210734,1.225615,0.344563,1.783100
237440,0.974624,0.834198,0.073890,0.060075,0.711672,1.655212,0.398577,1.351995,0.580930,1.476503,0.213554,1.227092,0.347095,1.785505
237760,0.997359,0.834134,0.094805,0.078871,0.714498,1.656797,0.401151,1.353729,0.583404,1.478797,0.216308,1.228589,0.350583,1.787883
238080,0.995510,0.834079,0.081675,0.067818,0.717164,1.658198,0.403678,1.355481,0.585970,1.480661,0.218986,1.230125,0.353627,1.790129
238400,0.998333,0.833785,0.095269,0.079302,0.720014,1.659431,0.406243,1.357208,0.589062,1.482447,0.221602,1.231694,0.356230,1.792875
238720,0.995155,0.833925,0.091260,0.075736,0.722294,1.662018,0.408781,1.359013,0.590792,1.485120,0.224147,1.233293,0.359991,1.794771
239040,0.969692,0.833600,0.075452,0.060990,0.725164,1.662953,0.411229,1.360880,0.593923,1.486948,0.226679,1.234922,0.361999,1.797567
239360,0.979448,0.833615,0.088745,0.072459,0.727963,1.664711,0.413797,1.362564,0.595873,1.489254,0.229257,1.236523,0.364600,1.799285
239680,0.981682,0.833374,0.089041,0.072845,0.729996,1.667477,0.416093,1.364649,0.598933,1.491358,0.231833,1.238135,0.366947,1.801783
240000,0.988981,0.833380,0.080466,0.066320,0.732497,1.669418,0.418577,1.366526,0.601254,1.493186,0.234403,1.239754,0.370585,1.804029
240320,0.983352,0.833232,0.077101,0.063174,0.735773,1.669652,0.421226,1.368173,0.604255,1.495051,0.237048,1.241385,0.372972,1.806274
240640,0.993690,0.833300,0.097542,0.080769,0.738593,1.671332,0.423762,1.369903,0.606439,1.497398,0.239646,1.242984,0.375826,1.807800
240960,0.991089,0.833038,0.097622,0.080598,0.740609,1.674551,0.426209,1.371850,0.609461,1.499010,0.242164,1.244655,0.378376,1.810155
241280,0.976578,0.832980,0.085166,0.069280,0.743180,1.676134,0.428642,1.373774,0.612078,1.501252,0.244714,1.246322,0.381094,1.812358
241600,0.987592,0.833030,0.087922,0.072332,0.746023,1.677166,0.431284,1.375425,0.614544,1.503230,0.247326,1.247960,0.384622,1.814440
241920,0.991506,0.832843,0.087881,0.072569,0.748923,1.677925,0.433913,1.377034,0.617506,1.504839,0.249922,1.249599,0.387286,1.816975
242240,0.988264,0.832919,0.093090,0.076627,0.751574,1.679698,0.436463,1.378842,0.619223,1.507316,0.252621,1.251225,0.390187,1.819010
242560,0.988784,0.832697,0.086454,0.071182,0.754126,1.681789,0.438836,1.380848,0.622075,1.509138,0.255428,1.252842,0.392124,1.821366
242880,0.996534,0.832902,0.087333,0.072487,0.756646,1.683785,0.441345,1.382645,0.624485,1.511427,0.258128,1.254451,0.395000,1.822376
243200,0.993649,0.832659,0.080988,0.067007,0.759342,1.685410,0.443967,1.384340,0.627736,1.512661,0.260702,1.256125,0.397319,1.824571
243520,0.981867,0.832976,0.080669,0.065977,0.762228,1.686182,0.446636,1.385932,0.629859,1.514968,0.263307,1.257789,0.400712,1.825677
243840,0.981985,0.832959,0.064499,0.052757,0.765207,1.686465,0.449277,1.387578,0.633600,1.515986,0.266038,1.259440,0.403240,1.827214
244160,0.951713,0.833486,0.055138,0.043738,0.768201,1.686228,0.452195,1.388676,0.637289,1.516673,0.268771,1.261040,0.407018,1.826779
244480,0.967115,0.833779,0.052932,0.042682,0.771101,1.685422,0.455245,1.389393,0.641059,1.516294,0.271506,1.262572,0.409921,1.827000
244800,0.969169,0.834217,0.058862,0.047590,0.773987,1.684629,0.458250,1.390189,0.644362,1.517234,0.274275,1.264076,0.413197,1.827200
245120,0.976728,0.834548,0.059305,0.048341,0.776920,1.684026,0.461233,1.391212,0.647990,1.517409,0.277149,1.265562,0.416483,1.827643
245440,0.966293,0.835021,0.058975,0.047585,0.779887,1.683595,0.464191,1.392201,0.651250,1.518267,0.280018,1.266995,0.419997,1.827625
245760,0.982088,0.835222,0.058367,0.047876,0.782867,1.683267,0.467217,1.393080,0.654957,1.518104,0.282892,1.268419,0.422929,1.828087
246080,0.982946,0.835640,0.059895,0.049197,0.785855,1.682981,0.470219,1.393997,0.658207,1.519152,0.285648,1.269836,0.426302,1.828050
246400,0.970912,0.835799,0.056228,0.045628,0.788850,1.682828,0.473226,1.394943,0.662033,1.519130,0.288286,1.271311,0.429341,1.828463
246720,0.979130,0.836072,0.062481,0.051149,0.791852,1.682820,0.476246,1.395838,0.665342,1.519352,0.290840,1.272873,0.432729,1.828708
247040,0.961606,0.836239,0.067562,0.054329,0.794845,1.682893,0.479147,1.396980,0.667921,1.520860,0.293357,1.274503,0.435503,1.829843
247360,0.962863,0.836657,0.064112,0.051648,0.797838,1.682984,0.481990,1.398321,0.671457,1.521869,0.295883,1.276124,0.439208,1.829749
247680,0.966546,0.836720,0.058687,0.047462,0.800839,1.683068,0.484947,1.399417,0.675246,1.521243,0.298461,1.277647,0.442150,1.830384
248000,0.982902,0.842910,0.472296,0.391296,0.791695,1.682693,0.497468,1.403355,0.684666,1.525262,0.314620,1.285770,0.455657,1.832256
248320,0.970804,0.854098,0.450514,0.373549,0.763583,1.681586,0.524305,1.411798,0.700868,1.536108,0.339766,1.298390,0.483628,1.835124
248640,0.949886,0.867839,0.338114,0.278723,0.735470,1.680479,0.551143,1.420240,0.708412,1.543935,0.364911,1.311010,0.510873,1.836145
248960,0.927014,0.883134,0.263037,0.215343,0.711992,1.678320,0.577981,1.428683,0.708784,1.544076,0.390056,1.323629,0.536438,1.821428
249280,0.905885,0.892377,0.273175,0.220832,0.695478,1.672063,0.604707,1.437544,0.706801,1.531976,0.415202,1.336249,0.535484,1.817279
249600,0.866140,0.900900,0.302618,0.236134,0.685226,1.661830,0.631579,1.452974,0.709127,1.511211,0.440347,1.348869,0.516720,1.804904
249920,0.798693,0.907135,0.255295,0.184967,0.682329,1.651497,0.652304,1.465650,0.716538,1.502049,0.465492,1.361489,0.498316,1.788475
250240,0.680847,0.912818,0.287297,0.178552,0.684257,1.645669,0.662166,1.473395,0.727265,1.508255,0.490638,1.374109,0.481742,1.769872
250560,0.492798,0.916237,0.250776,0.113230,0.683081,1.645618,0.675164,1.481145,0.740057,1.516413,0.510831,1.383329,0.467388,1.749527
250880,0.363001,0.916076,0.165827,0.055143,0.679110,1.643526,0.691232,1.488894,0.753794,1.528127,0.510165,1.384397,0.455016,1.727312
251200,0.465150,0.914292,0.205260,0.087294,0.677454,1.638691,0.703590,1.496643,0.768330,1.532192,0.508246,1.384445,0.444335,1.703672
251520,0.616504,0.911817,0.125545,0.070574,0.678172,1.636541,0.714205,1.504393,0.780499,1.536929,0.502066,1.384052,0.435529,1.679360
251840,0.717320,0.910056,0.119147,0.077780,0.676593,1.636371,0.725652,1.512142,0.795391,1.536534,0.496271,1.383798,0.428741,1.654482
252160,0.769882,0.907727,0.082420,0.057598,0.671656,1.634580,0.742467,1.519719,0.815299,1.531832,0.487451,1.383376,0.424096,1.629229
252480,0.731808,0.908043,0.106258,0.070610,0.663959,1.628261,0.751875,1.527291,0.825559,1.531880,0.481351,1.383079,0.421636,1.603655
252800,0.745877,0.908105,0.120306,0.081487,0.656579,1.615307,0.765082,1.534550,0.838906,1.531870,0.476000,1.382795,0.421346,1.577884
253120,0.759864,0.902888,0.092266,0.063301,0.654164,1.598037,0.776298,1.541811,0.849496,1.531857,0.469591,1.382339,0.423125,1.552031
253440,0.701682,0.899075,0.064670,0.040798,0.658054,1.580298,0.783398,1.548924,0.855272,1.531849,0.466962,1.382092,0.426885,1.526346
253760,0.668961,0.894004,0.064639,0.038658,0.667514,1.565342,0.787810,1.556497,0.857444,1.531838,0.462520,1.381685,0.432592,1.501064
254080,0.586698,0.888099,0.096019,0.050030,0.680172,1.556369,0.794009,1.565389,0.859797,1.531829,0.461399,1.381664,0.440251,1.476497
254400,0.444064,0.882637,0.101749,0.039880,0.690773,1.555007,0.800411,1.571252,0.862050,1.531881,0.459975,1.381564,0.449950,1.453018
254720,0.315132,0.881932,0.107227,0.029801,0.690985,1.554017,0.810088,1.578224,0.868085,1.531875,0.459869,1.379900,0.454032,1.451748
255040,0.385349,0.882630,0.068164,0.023184,0.690228,1.547104,0.815985,1.583233,0.880835,1.531876,0.460081,1.379241,0.457729,1.451282
255360,0.473263,0.883863,0.089116,0.037277,0.694801,1.539968,0.815563,1.582233,0.897219,1.531878,0.462154,1.379123,0.465467,1.452835
255680,0.560673,0.883514,0.121597,0.060235,0.702908,1.537787,0.813286,1.573505,0.915629,1.531880,0.464951,1.378346,0.477571,1.451138
256000,0.583605,0.882794,0.134309,0.069197,0.712706,1.539708,0.814458,1.557348,0.935455,1.531882,0.468855,1.377990,0.491379,1.448348
256320,0.591517,0.882219,0.116224,0.060651,0.719258,1.542272,0.821970,1.539041,0.956406,1.531884,0.473745,1.377748,0.506227,1.444080
256640,0.612289,0.881890,0.109723,0.059247,0.720079,1.542691,0.832574,1.531788,0.978137,1.531884,0.479593,1.377289,0.522073,1.437683
256960,0.601467,0.881741,0.133642,0.070875,0.717099,1.538429,0.849109,1.531883,1.000126,1.531886,0.488737,1.375700,0.539094,1.429691
257280,0.634874,0.879801,0.149385,0.083441,0.713553,1.526986,0.868565,1.531891,1.022599,1.531887,0.494899,1.376351,0.557569,1.415469
257600,0.632414,0.877358,0.310942,0.172528,0.713941,1.508068,0.889687,1.531900,1.045578,1.531889,0.504902,1.379845,0.572448,1.418782
257920,0.605157,0.876481,0.380936,0.202052,0.718936,1.503326,0.911324,1.531913,1.069017,1.531890,0.518288,1.387544,0.592344,1.430273
258240,0.594065,0.875226,0.430510,0.223840,0.729749,1.509598,0.931912,1.532122,1.092798,1.531891,0.531121,1.394962,0.613832,1.442679
258560,0.529553,0.874306,0.385315,0.178397,0.739119,1.515124,0.949433,1.536355,1.116778,1.531893,0.547704,1.404530,0.636378,1.455700
258880,0.429606,0.873935,0.287909,0.108095,0.738998,1.515014,0.958742,1.543355,1.140701,1.531896,0.562785,1.413245,0.659121,1.468836
259200,0.277371,0.873608,0.282962,0.068566,0.740369,1.516954,0.959026,1.539308,1.164228,1.531902,0.581921,1.424288,0.677104,1.479211
259520,0.196058,0.873977,0.320907,0.054987,0.755792,1.528634,0.964475,1.531847,1.187385,1.531912,0.600322,1.434905,0.693586,1.488723
259840,0.180224,0.872539,0.416977,0.065571,0.772544,1.534292,0.978260,1.531897,1.209898,1.531932,0.616405,1.444199,0.708606,1.497396
260160,0.163424,0.870453,0.367001,0.052207,0.789293,1.537735,0.996735,1.531915,1.230924,1.534676,0.634248,1.454495,0.722743,1.505554
260480,0.170639,0.868130,0.364351,0.053974,0.806140,1.533093,1.019543,1.532137,1.248182,1.542077,0.649256,1.463168,0.735287,1.512790
260800,0.087029,0.865830,0.281265,0.021194,0.821653,1.531878,1.047659,1.533034,1.257456,1.551460,0.665834,1.472734,0.739016,1.515015
261120,0.165116,0.863758,0.240605,0.034315,0.837514,1.531873,1.075671,1.533916,1.258549,1.549008,0.677339,1.479357,0.740705,1.517360
261440,0.269740,0.862341,0.293585,0.068290,0.853424,1.531873,1.099756,1.534608,1.266339,1.537396,0.688137,1.485614,0.754114,1.527925
261760,0.324161,0.862249,0.370843,0.103653,0.869649,1.531873,1.120522,1.535450,1.281300,1.531864,0.701949,1.493583,0.778157,1.536267
262080,0.368751,0.861752,0.289807,0.092092,0.886190,1.531874,1.139876,1.536889,1.300944,1.531911,0.715092,1.501179,0.802804,1.534911
262400,0.378446,0.860944,0.342781,0.111685,0.902845,1.531873,1.158657,1.539185,1.323293,1.531920,0.732413,1.511179,0.826232,1.531908
262720,0.373941,0.859032,0.269197,0.086474,0.919808,1.531874,1.177471,1.542726,1.351423,1.531966,0.740502,1.517093,0.845925,1.531919
263040,0.371103,0.856581,0.283471,0.090110,0.936101,1.531875,1.195961,1.547888,1.379557,1.531988,0.743242,1.520368,0.862231,1.531973
263360,0.351422,0.854658,0.397606,0.119419,0.952398,1.531871,1.212823,1.554801,1.407692,1.532009,0.756205,1.529177,0.878606,1.535472
263680,0.349007,0.851119,0.375088,0.111419,0.967667,1.531874,1.226364,1.562967,1.435826,1.532031,0.777937,1.536275,0.890323,1.543303
264000,0.438921,0.846518,0.248692,0.092403,0.983847,1.531876,1.234924,1.570703,1.463961,1.532052,0.797630,1.539652,0.892223,1.544925
264320,0.517412,0.843476,0.196710,0.085849,1.001205,1.531878,1.237872,1.574816,1.491991,1.532065,0.813852,1.542451,0.896790,1.535038
264640,0.547542,0.844436,0.228753,0.105767,1.019760,1.531879,1.236886,1.570988,1.514625,1.533910,0.827899,1.545596,0.909280,1.531899
264960,0.539782,0.846841,0.227593,0.104035,1.039337,1.531881,1.237165,1.556273,1.535993,1.534521,0.841106,1.549744,0.927279,1.531913
265280,0.558860,0.847179,0.242762,0.114937,1.060027,1.531883,1.243328,1.536089,1.552075,1.536818,0.853596,1.555195,0.948235,1.532001
265600,0.550930,0.848255,0.316020,0.147685,1.081646,1.531884,1.253639,1.531881,1.567914,1.539674,0.865169,1.562215,0.976316,1.533637
265920,0.556600,0.849439,0.323010,0.152718,1.103628,1.531884,1.267854,1.531872,1.582376,1.543259,0.874761,1.570403,1.004404,1.535249
266240,0.570437,0.850347,0.305729,0.148300,1.125972,1.531885,1.283816,1.531873,1.595780,1.547862,0.880792,1.577975,1.032201,1.536807
266560,0.580014,0.850568,0.246362,0.121541,1.148576,1.531886,1.300575,1.531873,1.607692,1.553543,0.882643,1.581662,1.056309,1.537494
266880,0.615279,0.850386,0.240216,0.125687,1.171236,1.531887,1.317779,1.531874,1.617298,1.559985,0.882237,1.577421,1.075119,1.539769
267200,0.616182,0.850164,0.216002,0.113154,1.194109,1.531890,1.335359,1.531875,1.623657,1.566164,0.884954,1.563695,1.093076,1.541628
267520,0.620381,0.852337,0.188353,0.099596,1.217272,1.531893,1.353378,1.531876,1.626291,1.570090,0.894619,1.546199,1.109626,1.543266
267840,0.636956,0.856638,0.187550,0.102335,1.240777,1.531898,1.371961,1.531877,1.626112,1.568973,0.909223,1.531830,1.125910,1.545556
268160,0.658477,0.862196,0.246481,0.139937,1.264589,1.531904,1.391237,1.531878,1.626412,1.560198,0.927738,1.531888,1.141934,1.549289
268480,0.676629,0.866888,0.262632,0.154050,1.288498,1.531912,1.411298,1.531879,1.632514,1.544630,0.948920,1.531896,1.157372,1.554933
268800,0.685731,0.870066,0.296037,0.176625,1.312080,1.531919,1.431980,1.531879,1.644522,1.531912,0.971632,1.531903,1.170834,1.562327
269120,0.690030,0.870173,0.320042,0.192168,1.334457,1.533742,1.452772,1.531879,1.661715,1.531887,0.995046,1.531911,1.180413,1.570211
269440,0.683683,0.868148,0.304583,0.180782,1.353803,1.539932,1.473478,1.531879,1.682358,1.531895,1.018283,1.531919,1.184901,1.575926
269760,0.646624,0.864595,0.278679,0.155800,1.366514,1.549375,1.494149,1.531880,1.704976,1.531903,1.040097,1.533505,1.185108,1.575940
270080,0.534224,0.860019,0.212976,0.097851,1.369107,1.553303,1.514897,1.531882,1.728575,1.531911,1.058228,1.539652,1.184585,1.567522
270400,0.415211,0.855049,0.190389,0.067593,1.373244,1.545139,1.536226,1.531883,1.752307,1.531919,1.068591,1.548476,1.188861,1.550575
270720,0.255461,0.850206,0.151481,0.032901,1.385324,1.537128,1.558481,1.531887,1.775247,1.533993,1.069888,1.549092,1.199430,1.532421
271040,0.147642,0.847135,0.283905,0.035509,1.403484,1.534504,1.581418,1.531891,1.795846,1.540138,1.075125,1.541615,1.214348,1.531884
271360,0.103840,0.846990,0.325220,0.028604,1.429007,1.535975,1.604941,1.531896,1.811016,1.549794,1.086088,1.537264,1.233313,1.531884
271680,0.020296,0.850098,0.297201,0.005128,1.457085,1.537739,1.628832,1.531899,1.815775,1.556442,1.110493,1.536983,1.254666,1.531886
272000,0.136538,0.852719,0.300092,0.034939,1.485164,1.539502,1.652649,1.531906,1.818437,1.547298,1.137237,1.537891,1.277595,1.531887
272320,0.192909,0.854220,0.301954,0.049758,1.512685,1.541416,1.676520,1.531914,1.829805,1.534778,1.163298,1.539309,1.301174,1.531887
272640,0.222899,0.854994,0.365397,0.069636,1.539068,1.544206,1.700134,1.532138,1.847229,1.531898,1.188775,1.541386,1.324825,1.531887
272960,0.244842,0.855498,0.397766,0.083317,1.563754,1.548376,1.722831,1.535411,1.868459,1.531909,1.213629,1.544314,1.348476,1.531886
273280,0.263041,0.856161,0.434944,0.097952,1.586476,1.554185,1.743125,1.542681,1.892041,1.531916,1.237736,1.548328,1.372092,1.531886
273600,0.286760,0.857460,0.438858,0.107909,1.606519,1.561659,1.758055,1.553240,1.917755,1.532469,1.260769,1.553689,1.395488,1.531887
273920,0.370285,0.860194,0.340312,0.108395,1.622475,1.570190,1.762851,1.560627,1.945864,1.533626,1.282165,1.560612,1.418747,1.531889
274240,0.468782,0.861901,0.303624,0.122677,1.632067,1.577622,1.765787,1.551303,1.973975,1.534781,1.301061,1.569122,1.441966,1.531893
274560,0.497208,0.859757,0.247929,0.105984,1.634885,1.580891,1.777569,1.538474,2.002085,1.535936,1.316250,1.578741,1.465144,1.531899
274880,0.482266,0.856387,0.275713,0.113871,1.633355,1.576573,1.795275,1.531848,2.030196,1.537091,1.326422,1.588043,1.488096,1.531909
275200,0.436402,0.851597,0.235951,0.087688,1.632594,1.562771,1.816405,1.531908,2.058307,1.538246,1.330893,1.594268,1.510233,1.531919
275520,0.369563,0.844256,0.241069,0.075215,1.637558,1.543233,1.839637,1.531917,2.086417,1.539400,1.330892,1.593628,1.530139,1.534544
275840,0.274978,0.834438,0.276216,0.063378,1.647613,1.531863,1.866364,1.532167,2.114471,1.540578,1.330759,1.583502,1.544331,1.541714
276160,0.215990,0.826891,0.226931,0.040530,1.662012,1.531877,1.894497,1.532450,2.142522,1.541813,1.336251,1.566157,1.548995,1.548219
276480,0.296769,0.821108,0.215467,0.052505,1.678956,1.531874,1.922630,1.532732,2.170546,1.543117,1.347892,1.548930,1.550789,1.543865
276800,0.365552,0.816044,0.225566,0.067288,1.697407,1.531875,1.950763,1.533015,2.198537,1.544511,1.364149,1.533841,1.559351,1.537985
277120,0.387138,0.812295,0.360919,0.113498,1.716552,1.531875,1.978896,1.533297,2.226498,1.546023,1.383120,1.531888,1.577115,1.536713
277440,0.366643,0.810014,0.364611,0.108284,1.735866,1.531875,2.007029,1.533580,2.254410,1.547684,1.405187,1.531900,1.602385,1.538208
277760,0.353562,0.807783,0.371168,0.106006,1.755180,1.531875,2.035162,1.533862,2.282266,1.549532,1.428961,1.531907,1.626078,1.540621
278080,0.344593,0.805533,0.377744,0.104855,1.774494,1.531875,2.063295,1.534145,2.310053,1.551613,1.453526,1.531914,1.648504,1.544241
278400,0.337196,0.803213,0.380333,0.103009,1.793808,1.531874,2.091135,1.534368,2.337744,1.553985,1.478236,1.531918,1.669477,1.549395
278720,0.348285,0.801180,0.413969,0.115514,1.813122,1.531874,2.115383,1.537090,2.364998,1.556797,1.502453,1.533435,1.688201,1.556264
279040,0.346178,0.798388,0.423990,0.117184,1.832436,1.531874,2.141446,1.540428,2.391878,1.560429,1.525012,1.538153,1.703467,1.564555
279360,0.341857,0.794921,0.419351,0.113958,1.851750,1.531874,2.166422,1.544041,2.418165,1.565117,1.544831,1.546541,1.714000,1.573073
279680,0.340078,0.790302,0.379597,0.102022,1.871043,1.531874,2.190471,1.548095,2.443414,1.571216,1.558652,1.557743,1.719119,1.579439
280000,0.382736,0.784411,0.273484,0.082106,1.890132,1.531875,2.213575,1.552746,2.466858,1.578939,1.562959,1.566408,1.719689,1.580297
280320,0.481732,0.779033,0.257525,0.096645,1.909542,1.531877,2.235579,1.558120,2.487761,1.588279,1.565838,1.560608,1.719038,1.571677
280640,0.551080,0.775126,0.266563,0.113864,1.929666,1.531878,2.256273,1.564325,2.505186,1.598902,1.575881,1.554640,1.723175,1.553815
280960,0.592399,0.774079,0.326903,0.149906,1.950477,1.531879,2.275274,1.571405,2.518087,1.609861,1.593747,1.554127,1.733419,1.534680
281280,0.607147,0.775138,0.337024,0.158611,1.971618,1.531879,2.291923,1.579263,2.525718,1.619334,1.618043,1.556930,1.742821,1.531779
281600,0.627555,0.779405,0.289836,0.141764,1.992848,1.531882,2.305230,1.587479,2.528372,1.624623,1.639169,1.560871,1.760057,1.531874
281920,0.658134,0.785322,0.257274,0.132971,2.014605,1.531885,2.314062,1.594986,2.528266,1.622850,1.658162,1.566343,1.779031,1.531876
282240,0.691984,0.791660,0.221733,0.121469,2.036899,1.531889,2.317695,1.599532,2.529947,1.612604,1.674552,1.573284,1.798827,1.531877
282560,0.723935,0.796731,0.196700,0.113453,2.059660,1.531896,2.317135,1.597591,2.538370,1.596989,1.687333,1.581161,1.819102,1.531878
282880,0.755725,0.799906,0.176694,0.106813,2.082689,1.531905,2.316589,1.586323,2.552720,1.583170,1.695437,1.588535,1.839783,1.531880
283200,0.780485,0.800783,0.147299,0.092062,2.105565,1.531914,2.321685,1.568072,2.570827,1.573352,1.698468,1.592767,1.860921,1.531882
283520,0.791622,0.799901,0.176479,0.111750,2.127286,1.532973,2.332763,1.549304,2.590451,1.568712,1.697872,1.590323,1.882615,1.531886
283840,0.780249,0.797327,0.214361,0.133357,2.145525,1.538536,2.348141,1.531949,2.608489,1.569997,1.698052,1.578303,1.904892,1.531891
284160,0.687378,0.796611,0.166242,0.091030,2.155364,1.546448,2.366329,1.517207,2.619517,1.575724,1.704361,1.559803,1.927629,1.531898
284480,0.474061,0.799841,0.066802,0.025329,2.155820,1.542206,2.386204,1.506175,2.619740,1.573091,1.716444,1.541107,1.950140,1.531908
284800,0.350122,0.801735,0.158620,0.044525,2.161763,1.531810,2.407368,1.499478,2.623861,1.561569,1.732164,1.531848,1.971258,1.532013
285120,0.284972,0.802790,0.240047,0.054916,2.175838,1.531881,2.429194,1.497410,2.635529,1.550200,1.751126,1.531881,1.989089,1.535798
285440,0.247903,0.803817,0.287407,0.057271,2.194784,1.531892,2.450680,1.500131,2.651707,1.543477,1.771890,1.531885,2.000147,1.543523
285760,0.250703,0.802410,0.305126,0.061381,2.215446,1.531905,2.470185,1.507541,2.673122,1.542328,1.793551,1.531891,2.001480,1.543492
286080,0.305082,0.798781,0.328675,0.080096,2.237139,1.531917,2.485346,1.518872,2.701242,1.542994,1.815904,1.531899,2.006768,1.532624
286400,0.408857,0.797181,0.336810,0.109778,2.263227,1.533407,2.492197,1.529976,2.729369,1.543651,1.838860,1.531908,2.020166,1.531883
286720,0.532148,0.797866,0.290464,0.123326,2.291255,1.535133,2.494168,1.525699,2.757004,1.544348,1.862003,1.531916,2.040045,1.531898
287040,0.577582,0.797525,0.299159,0.137803,2.316667,1.537209,2.505349,1.513760,2.781242,1.545620,1.884626,1.533352,2.062918,1.531907
287360,0.601092,0.797757,0.325155,0.155920,2.339215,1.540455,2.523869,1.503243,2.803035,1.548084,1.905236,1.539032,2.086774,1.531914
287680,0.633455,0.798750,0.369795,0.187106,2.359642,1.545505,2.546141,1.495767,2.822825,1.552236,1.920861,1.548506,2.113058,1.531972
288000,0.722174,0.797660,0.322718,0.185901,2.377515,1.552660,2.570081,1.491411,2.839970,1.558216,1.926666,1.556500,2.141192,1.532076
288320,0.816895,0.794878,0.308990,0.200637,2.391033,1.561077,2.595190,1.490125,2.853260,1.565461,1.928780,1.548022,2.169326,1.532178
288640,0.836750,0.794893,0.220858,0.146899,2.398626,1.568399,2.622311,1.490720,2.861609,1.572437,1.939680,1.535078,2.194254,1.532352
288960,0.808703,0.796004,0.224777,0.144696,2.400017,1.570327,2.650437,1.491417,2.864623,1.576320,1.957252,1.531883,2.219343,1.534974
289280,0.749742,0.798649,0.201903,0.120895,2.398211,1.561932,2.674201,1.492854,2.863578,1.572770,1.978577,1.531904,2.239394,1.536420
289600,0.668938,0.800745,0.169306,0.090688,2.399565,1.542683,2.692298,1.494488,2.863369,1.558552,2.001254,1.531914,2.256323,1.537147
289920,0.603286,0.804016,0.175330,0.085044,2.406259,1.521052,2.705612,1.495945,2.869021,1.538861,2.027112,1.531966,2.272057,1.537879
290240,0.533362,0.808268,0.167916,0.072389,2.417003,1.499642,2.717330,1.496732,2.879918,1.519091,2.055245,1.532049,2.287839,1.539526
290560,0.518450,0.812928,0.186176,0.078466,2.430833,1.479406,2.727810,1.498575,2.894693,1.500716,2.083380,1.532129,2.302768,1.542807
290880,0.503520,0.817542,0.183470,0.075525,2.447169,1.460835,2.738659,1.501420,2.912391,1.484423,2.111514,1.532210,2.314859,1.547640
291200,0.500151,0.820582,0.149840,0.061497,2.465559,1.444363,2.746596,1.504976,2.932269,1.470681,2.139648,1.532290,2.321857,1.552278
291520,0.498438,0.821482,0.094009,0.038493,2.485626,1.430457,2.749557,1.507113,2.953648,1.460009,2.167782,1.532371,2.322719,1.552969
291840,0.515477,0.817729,0.127479,0.053735,2.507040,1.419604,2.747468,1.503883,2.975759,1.453069,2.191680,1.533742,2.319369,1.544796
292160,0.502498,0.815466,0.157704,0.064622,2.529434,1.412251,2.743698,1.491467,2.997493,1.450641,2.213470,1.536497,2.317620,1.526240
292480,0.471332,0.814827,0.190560,0.073186,2.552260,1.408800,2.743909,1.471665,3.016779,1.453392,2.230654,1.539386,2.321003,1.504311
292800,0.393943,0.813571,0.204725,0.065614,2.574392,1.409678,2.748983,1.456154,3.029611,1.460453,2.243456,1.542905,2.329334,1.484147
293120,0.248731,0.814116,0.161555,0.032714,2.594226,1.415252,2.758513,1.457492,3.032392,1.464232,2.251209,1.546524,2.337171,1.476202
293440,0.224027,0.813286,0.140890,0.025670,2.609720,1.425137,2.771449,1.457428,3.035174,1.457909,2.253629,1.548300,2.341241,1.472130
293760,0.301028,0.810889,0.124430,0.030373,2.617659,1.436535,2.786275,1.457422,3.044608,1.452248,2.251853,1.545473,2.344980,1.468395
294080,0.404571,0.807291,0.136049,0.044435,2.618544,1.440156,2.802444,1.457424,3.062410,1.451990,2.249309,1.535928,2.350046,1.463335
294400,0.498741,0.802109,0.146951,0.058787,2.624335,1.435379,2.820105,1.457426,3.087837,1.454750,2.250295,1.531848,2.357208,1.456176
294720,0.549874,0.797358,0.195558,0.085742,2.637798,1.434021,2.838947,1.457427,3.111825,1.457936,2.257573,1.531870,2.365638,1.447753
295040,0.499604,0.793826,0.250347,0.099287,2.660299,1.436029,2.858651,1.457428,3.134646,1.461772,2.270334,1.531880,2.376172,1.437227
295360,0.438234,0.791521,0.217037,0.075284,2.680326,1.437464,2.878792,1.457428,3.156369,1.466504,2.286641,1.528211,2.388727,1.424682
295680,0.353103,0.789749,0.246821,0.068829,2.699173,1.438955,2.899170,1.457429,3.176781,1.472379,2.300631,1.526307,2.403302,1.410115
296000,0.233298,0.786479,0.184729,0.033895,2.717127,1.441159,2.919793,1.455724,3.195404,1.479576,2.303242,1.526353,2.417287,1.396155
296320,0.220327,0.782768,0.113914,0.019646,2.730501,1.444641,2.940506,1.442497,3.211059,1.487856,2.300398,1.516510,2.431561,1.382160
296640,0.252077,0.782401,0.137059,0.027031,2.738338,1.451592,2.961150,1.428910,3.221409,1.495674,2.307021,1.506385,2.450628,1.367329
296960,0.281473,0.782796,0.060736,0.013382,2.745396,1.456288,2.982436,1.418915,3.225380,1.500172,2.316035,1.497362,2.472048,1.354519
297280,0.320235,0.785708,0.049893,0.012554,2.745421,1.455978,3.004132,1.413133,3.224419,1.497490,2.327806,1.485610,2.494896,1.343953
297600,0.357479,0.789170,0.091187,0.025725,2.740894,1.453035,3.025012,1.412337,3.223305,1.484660,2.338151,1.475300,2.518620,1.335852
297920,0.361136,0.791434,0.127619,0.036476,2.738689,1.451732,3.042951,1.416930,3.227704,1.465590,2.350181,1.463730,2.542661,1.330637
298240,0.287709,0.794487,0.142230,0.032511,2.738905,1.451866,3.054843,1.425703,3.237721,1.446508,2.367368,1.452795,2.567106,1.328493
298560,0.168159,0.798528,0.127586,0.017132,2.739010,1.451933,3.057848,1.432118,3.252007,1.429432,2.385447,1.447654,2.591522,1.329447
298880,0.063335,0.799054,0.080694,0.004084,2.739042,1.453820,3.059270,1.429616,3.262329,1.420562,2.394329,1.447571,2.603781,1.330793
299200,0.121847,0.801345,0.022001,0.002148,2.739057,1.452230,3.061659,1.429098,3.255609,1.419547,2.401874,1.446033,2.596915,1.323593
299520,0.124673,0.805024,0.018423,0.001849,2.739030,1.451958,3.065231,1.431147,3.243435,1.411497,2.415076,1.439821,2.592821,1.312936
299840,0.141235,0.807973,0.015530,0.001772,2.738994,1.451977,3.065796,1.434018,3.234519,1.397591,2.425864,1.430603,2.591731,1.302971
300160,0.296862,0.810812,0.002759,0.000664,2.739047,1.451972,3.063993,1.436407,3.229476,1.383568,2.433554,1.418229,2.593558,1.293571
300480,0.445893,0.813459,0.000350,0.000127,2.739128,1.452006,3.058335,1.436155,3.226329,1.372188,2.437234,1.407488,2.596673,1.284543
300800,0.509459,0.817453,0.000133,0.000056,2.739195,1.452046,3.045526,1.428636,3.223279,1.361703,2.439384,1.399926,2.599982,1.275994
301120,0.554272,0.819981,0.000103,0.000047,2.739220,1.452061,3.037957,1.418294,3.219903,1.351385,2.441187,1.393059,2.603146,1.267673
301440,0.568441,0.821027,0.013428,0.006267,2.739215,1.453155,3.034709,1.409524,3.216542,1.341317,2.442132,1.386392,2.606191,1.259655
301760,0.571757,0.821693,0.000000,0.000000,2.739196,1.452109,3.032926,1.402643,3.213380,1.331716,2.442548,1.380717,2.609084,1.252009
302080,0.571639,0.822105,0.000113,0.000053,2.739235,1.452075,3.031382,1.396384,3.210279,1.322362,2.442816,1.375764,2.611844,1.244523
302400,0.527250,0.822432,0.000177,0.000077,2.739266,1.452089,3.029870,1.391002,3.207317,1.313639,2.443264,1.374753,2.614269,1.237626
302720,0.510373,0.822989,0.000247,0.000104,2.739292,1.452105,3.028202,1.386127,3.204375,1.305343,2.444495,1.373011,2.616516,1.230906
303040,0.538831,0.823904,0.000130,0.000058,2.739309,1.452115,3.026347,1.381684,3.201502,1.297552,2.446708,1.369283,2.618617,1.224565
303360,0.542101,0.824742,0.000090,0.000040,2.739323,1.452123,3.024291,1.377554,3.198615,1.290102,2.448431,1.365261,2.620611,1.218338
303680,0.544931,0.825521,0.000037,0.000016,2.739333,1.452129,3.022049,1.373702,3.195705,1.283020,2.449741,1.361124,2.622454,1.212303
304000,0.547343,0.826253,0.000083,0.000038,2.739344,1.452135,3.019647,1.370145,3.192778,1.276321,2.450722,1.356905,2.624098,1.206457
304320,0.551396,0.826917,0.000017,0.000008,2.739349,1.452139,3.017127,1.366755,3.189837,1.269950,2.451387,1.352566,2.625541,1.200719
304640,0.559446,0.827490,0.000083,0.000039,2.739369,1.452150,3.014493,1.363505,3.186832,1.263844,2.451580,1.347951,2.626794,1.195110
304960,0.563502,0.827936,0.000130,0.000061,2.739386,1.452160,3.011808,1.360407,3.183832,1.258052,2.451418,1.343590,2.627817,1.189643
305280,0.568309,0.828182,0.000003,0.000002,2.739391,1.452163,3.009048,1.357414,3.180803,1.252490,2.450962,1.339221,2.628644,1.184260
305600,0.574244,0.828372,0.000140,0.000067,2.739413,1.452177,3.006206,1.354550,3.177720,1.247136,2.450279,1.334947,2.629266,1.178959
305920,0.579149,0.828508,0.000020,0.000010,2.739416,1.452178,3.003405,1.351707,3.174661,1.242035,2.449430,1.330739,2.629695,1.173796
306240,0.596494,0.828613,0.001080,0.000534,2.739463,1.452203,3.000576,1.348937,3.171543,1.237140,2.448450,1.326668,2.629962,1.168707
306560,0.627469,0.828275,0.016267,0.008454,2.738891,1.454813,2.997862,1.346431,3.168483,1.232651,2.447365,1.322916,2.630090,1.163923
306880,0.604713,0.827677,0.026443,0.013235,2.737937,1.458839,2.994604,1.344847,3.165172,1.228548,2.445799,1.319688,2.629932,1.159385
307200,0.587221,0.826994,0.026663,0.012948,2.737603,1.463225,2.991118,1.343951,3.161804,1.224773,2.444020,1.316887,2.629525,1.155055
307520,0.535585,0.825655,0.067606,0.029896,2.738954,1.471653,2.987594,1.343688,3.158405,1.221445,2.441960,1.314581,2.628943,1.151022
307840,0.440576,0.824026,0.067433,0.024481,2.743941,1.481396,2.984264,1.344705,3.155015,1.218840,2.439197,1.313465,2.628535,1.147442
308160,0.329036,0.822589,0.067293,0.018214,2.750292,1.489659,2.981504,1.346722,3.151618,1.216780,2.436217,1.313565,2.628956,1.144077
308480,0.263862,0.821431,0.066790,0.014476,2.756918,1.496898,2.979319,1.349260,3.148193,1.215239,2.433270,1.314135,2.630599,1.141260
308800,0.299228,0.820546,0.066280,0.016274,2.763446,1.503516,2.977656,1.352121,3.144768,1.214354,2.430355,1.314838,2.633215,1.139410
309120,0.378109,0.820826,0.048890,0.015174,2.765370,1.506963,2.976295,1.354985,3.141229,1.214132,2.428593,1.315267,2.639588,1.138111
309440,0.484903,0.821469,0.047821,0.019049,2.764452,1.509819,2.974735,1.357777,3.137151,1.213933,2.425827,1.314111,2.647721,1.138610
309760,0.485274,0.822219,0.028665,0.011437,2.761071,1.511576,2.972637,1.360135,3.132435,1.212097,2.422990,1.313121,2.655426,1.139048
310080,0.431272,0.822117,0.021082,0.007475,2.757869,1.513039,2.970520,1.363432,3.128064,1.209389,2.420099,1.312340,2.659630,1.137274
310400,0.357314,0.821590,0.027935,0.008201,2.753625,1.513413,2.970320,1.368108,3.124139,1.206594,2.417159,1.311759,2.665589,1.134018
310720,0.318104,0.820992,0.028262,0.007381,2.749413,1.512751,2.971597,1.372581,3.120495,1.203904,2.414385,1.310695,2.671287,1.130917
311040,0.313027,0.820454,0.018649,0.004790,2.745453,1.511841,2.973294,1.376302,3.117107,1.201361,2.412113,1.309958,2.676773,1.127941
311360,0.408334,0.820331,0.015730,0.005269,2.741641,1.511043,2.973776,1.379468,3.113935,1.198939,2.411090,1.309140,2.682055,1.125137
311680,0.307770,0.819954,0.018529,0.004676,2.738711,1.511685,2.973616,1.382575,3.110889,1.196697,2.409734,1.306500,2.687151,1.122452
312000,0.370332,0.819267,0.015424,0.004680,2.735453,1.512935,2.973238,1.385652,3.107926,1.194767,2.407586,1.304646,2.691972,1.119928
312320,0.396770,0.818987,0.013908,0.004519,2.731844,1.513273,2.972748,1.388699,3.104972,1.193082,2.406495,1.301889,2.696620,1.117489
312640,0.339182,0.818761,0.012518,0.003476,2.728553,1.513826,2.971863,1.391580,3.102073,1.191602,2.405594,1.299051,2.701035,1.115099
312960,0.355393,0.818580,0.010286,0.002992,2.725261,1.514590,2.970680,1.394379,3.099169,1.190517,2.404828,1.296162,2.705252,1.112775
313280,0.271084,0.818536,0.011642,0.002583,2.722049,1.515457,2.969454,1.397144,3.096221,1.189945,2.404552,1.293204,2.709282,1.110504
313600,0.201919,0.818852,0.019832,0.003279,2.719723,1.517923,2.967936,1.399752,3.093202,1.190241,2.406212,1.290701,2.713161,1.108283
313920,0.388736,0.819811,0.076606,0.024414,2.718362,1.522366,2.966347,1.402323,3.089169,1.194963,2.410406,1.289338,2.718081,1.103909
314240,0.369763,0.820513,0.095878,0.029089,2.719174,1.527822,2.963903,1.404136,3.087421,1.203048,2.415258,1.289737,2.722404,1.097855
314560,0.354692,0.821110,0.099204,0.028892,2.721184,1.532856,2.959995,1.404824,3.088039,1.210795,2.420168,1.290965,2.726032,1.092339
314880,0.350234,0.821703,0.094869,0.027302,2.723690,1.537366,2.955864,1.404170,3.089612,1.217674,2.424938,1.292541,2.729576,1.087522
315200,0.379166,0.822263,0.091293,0.028463,2.726080,1.541271,2.952669,1.402231,3.091519,1.223743,2.429529,1.294133,2.733259,1.083361
315520,0.459884,0.822507,0.067490,0.025529,2.728632,1.545100,2.950886,1.399635,3.093294,1.228151,2.434119,1.295704,2.735429,1.079249
315840,0.731522,0.822719,0.061499,0.037012,2.731571,1.548341,2.950444,1.396671,3.095916,1.229483,2.438683,1.297261,2.737860,1.077369
316160,0.774182,0.823154,0.057810,0.036841,2.734866,1.551101,2.951035,1.393716,3.098704,1.228387,2.443365,1.298981,2.741484,1.077552
316480,0.839330,0.823261,0.043822,0.030281,2.738367,1.553321,2.952868,1.391345,3.100632,1.225760,2.447949,1.300743,2.744546,1.076312
316800,0.857067,0.822713,0.041477,0.029246,2.742059,1.555023,2.955122,1.389399,3.103464,1.224764,2.452499,1.302252,2.746853,1.072187
317120,0.858722,0.822580,0.043949,0.031044,2.745859,1.556317,2.958004,1.388082,3.105630,1.222176,2.457036,1.303459,2.749252,1.070315
317440,0.869943,0.822307,0.050943,0.036443,2.749758,1.557321,2.962409,1.388012,3.107097,1.219366,2.461600,1.304590,2.752262,1.067920
317760,0.859948,0.821510,0.049150,0.034723,2.753726,1.558120,2.966232,1.389223,3.109905,1.218315,2.466099,1.305407,2.753997,1.064018
318080,0.688724,0.821331,0.052252,0.029558,2.757597,1.558905,2.967959,1.391639,3.111975,1.215764,2.470629,1.306038,2.757478,1.061937
318400,0.690532,0.821513,0.048721,0.027638,2.761412,1.559727,2.967668,1.394617,3.113904,1.213527,2.475226,1.306594,2.762271,1.060201
318720,0.610547,0.821846,0.073387,0.036824,2.765577,1.561396,2.965583,1.396857,3.117556,1.213758,2.480919,1.307534,2.767532,1.058236
319040,0.528426,0.822197,0.082434,0.035815,2.769323,1.564231,2.961183,1.398281,3.121706,1.217093,2.486382,1.308755,2.772608,1.055827
319360,0.468482,0.822885,0.082620,0.031851,2.772399,1.567541,2.956464,1.398322,3.124413,1.221635,2.491667,1.310070,2.777458,1.053523
319680,0.370384,0.823640,0.076449,0.023322,2.775041,1.570950,2.953450,1.396662,3.126158,1.226321,2.496829,1.311365,2.780862,1.051574
320000,0.328656,0.824466,0.056154,0.015216,2.777479,1.574180,2.952050,1.393913,3.125810,1.229274,2.501881,1.312562,2.783046,1.049107
320320,0.406297,0.825239,0.055328,0.018551,2.779898,1.577196,2.952166,1.390930,3.124680,1.232515,2.506862,1.313642,2.784865,1.046143
320640,0.515680,0.825981,0.054978,0.023417,2.782437,1.579921,2.953688,1.388352,3.123309,1.235465,2.511801,1.314603,2.786726,1.043461
320960,0.569701,0.826666,0.052929,0.024927,2.785163,1.582365,2.956091,1.386532,3.121872,1.238106,2.516694,1.315484,2.788694,1.040947
321280,0.553736,0.826917,0.058347,0.026717,2.788131,1.584535,2.960312,1.385254,3.120950,1.240983,2.521509,1.316297,2.789622,1.037845
321600,0.674015,0.827864,0.058650,0.032726,2.791224,1.586417,2.963296,1.385906,3.118396,1.242585,2.526317,1.317058,2.792262,1.036168
321920,0.875342,0.828995,0.089288,0.064792,2.794338,1.588288,2.965902,1.388468,3.116968,1.245160,2.531080,1.317929,2.796124,1.036473
322240,0.930767,0.829820,0.113558,0.087709,2.797429,1.590346,2.967606,1.392045,3.118305,1.248655,2.535788,1.319029,2.801057,1.037927
322560,0.935053,0.830086,0.111009,0.086162,2.800493,1.592536,2.968873,1.395858,3.121630,1.251582,2.540407,1.320318,2.806048,1.039170
322880,0.942518,0.830191,0.109963,0.086043,2.803520,1.594762,2.970102,1.399617,3.125524,1.253744,2.544927,1.321725,2.810491,1.040722
323200,0.953998,0.830202,0.115544,0.091512,2.806519,1.597034,2.971565,1.403394,3.129544,1.255658,2.549418,1.323238,2.814996,1.042249
323520,0.958173,0.830227,0.110479,0.087886,2.809464,1.599335,2.973224,1.407020,3.133512,1.257552,2.553815,1.324835,2.819746,1.043935
323840,0.968803,0.830231,0.116697,0.093863,2.812403,1.601703,2.975147,1.410535,3.137408,1.259547,2.558190,1.326504,2.824106,1.045664
324160,0.975864,0.830249,0.111559,0.090386,2.815309,1.604105,2.977270,1.413881,3.141165,1.261639,2.562478,1.328217,2.828395,1.047464
324480,0.977507,0.830273,0.114797,0.093169,2.818214,1.606545,2.979584,1.417137,3.144917,1.263900,2.566772,1.330014,2.833107,1.049265
324800,0.982653,0.830308,0.113445,0.092560,2.821112,1.608981,2.982047,1.420256,3.148558,1.266220,2.571005,1.331848,2.837330,1.051137
325120,0.985819,0.830365,0.114491,0.093721,2.824027,1.611423,2.984627,1.423296,3.152140,1.268592,2.575186,1.333734,2.841455,1.053130
325440,0.989354,0.830408,0.114074,0.093720,2.826964,1.613869,2.987302,1.426242,3.155680,1.271013,2.579326,1.335659,2.845625,1.055052
325760,0.991915,0.830465,0.120019,0.098865,2.829925,1.616311,2.990065,1.429138,3.159211,1.273495,2.583447,1.337642,2.849816,1.057038
326080,0.993533,0.830548,0.118026,0.097392,2.832905,1.618743,2.992869,1.431962,3.162667,1.275967,2.587525,1.339660,2.853857,1.059115
326400,0.995633,0.830607,0.107027,0.088509,2.835914,1.621178,2.995727,1.434747,3.166110,1.278483,2.591542,1.341727,2.857910,1.061129
326720,0.992750,0.830738,0.117903,0.097236,2.838949,1.623612,2.998638,1.437495,3.169538,1.281012,2.595542,1.343827,2.862280,1.063419
327040,0.993917,0.830827,0.114784,0.094786,2.841995,1.626026,3.001567,1.440188,3.172946,1.283528,2.599498,1.345958,2.866257,1.065578
327360,0.994949,0.830921,0.115867,0.095790,2.845058,1.628437,3.004543,1.442859,3.176342,1.286053,2.603418,1.348113,2.870175,1.067790
327680,0.996011,0.831009,0.119732,0.099102,2.848144,1.630853,3.007559,1.445510,3.179741,1.288595,2.607317,1.350306,2.874118,1.069999
328000,0.996549,0.831103,0.118519,0.098162,2.851246,1.633254,3.010576,1.448135,3.183131,1.291129,2.611186,1.352519,2.877975,1.072245
328320,0.997469,0.831184,0.113981,0.094499,2.854358,1.635649,3.013624,1.450723,3.186498,1.293640,2.614995,1.354731,2.881870,1.074465
328640,0.997784,0.831297,0.120572,0.100009,2.857512,1.638042,3.016709,1.453306,3.189889,1.296173,2.618815,1.357004,2.885682,1.076846
328960,0.998106,0.831388,0.113585,0.094254,2.860651,1.640415,3.019781,1.455854,3.193242,1.298675,2.622570,1.359276,2.889503,1.079129
329280,0.998418,0.831478,0.115740,0.096083,2.863822,1.642804,3.022877,1.458404,3.196617,1.301188,2.626327,1.361585,2.893296,1.081449
329600,0.998579,0.831571,0.114771,0.095304,2.866993,1.645188,3.025975,1.460940,3.199981,1.303683,2.630063,1.363911,2.897057,1.083791
329920,0.998782,0.831660,0.115417,0.095871,2.870174,1.647578,3.029102,1.463471,3.203334,1.306186,2.633768,1.366233,2.900814,1.086147
330240,0.998935,0.831751,0.115137,0.095664,2.873375,1.649956,3.032236,1.465988,3.206692,1.308695,2.637457,1.368573,2.904543,1.088517
330560,0.999184,0.831844,0.115407,0.095922,2.876594,1.652335,3.035383,1.468494,3.210052,1.311194,2.641138,1.370942,2.908259,1.090909
330880,0.999286,0.831932,0.114847,0.095477,2.879801,1.654711,3.038544,1.470976,3.213412,1.313675,2.644789,1.373311,2.911958,1.093311
331200,0.999341,0.832015,0.115800,0.096284,2.883007,1.657087,3.041712,1.473450,3.216781,1.316155,2.648426,1.375696,2.915660,1.095715
331520,0.999193,0.832116,0.119239,0.099141,2.886219,1.659463,3.044876,1.475915,3.220140,1.318649,2.652042,1.378097,2.919311,1.098204
331840,0.999386,0.832185,0.113841,0.094679,2.889434,1.661835,3.048050,1.478368,3.223470,1.321109,2.655617,1.380472,2.923024,1.100562
332160,0.999317,0.832280,0.119755,0.099602,2.892666,1.664211,3.051244,1.480827,3.226836,1.323581,2.659235,1.382892,2.926676,1.103041
332480,0.999050,0.832375,0.114448,0.095173,2.895888,1.666587,3.054416,1.483262,3.230154,1.326043,2.662788,1.385294,2.930259,1.105535
332800,0.999244,0.832447,0.119132,0.099096,2.899132,1.668972,3.057626,1.485701,3.233518,1.328524,2.666375,1.387703,2.933952,1.107939
333120,0.999056,0.832529,0.114837,0.095515,2.902376,1.671353,3.060827,1.488125,3.236853,1.330984,2.669932,1.390099,2.937552,1.110393
333440,0.999171,0.832560,0.107480,0.089410,2.905626,1.673738,3.064031,1.490538,3.240207,1.333444,2.673484,1.392517,2.940869,1.112678
333760,0.998840,0.832679,0.118009,0.098150,2.908897,1.676121,3.067253,1.492975,3.243555,1.335920,2.677021,1.394948,2.944766,1.115297
334080,0.999840,0.832731,0.117087,0.097486,2.912151,1.678480,3.070452,1.495381,3.246887,1.338369,2.680537,1.397369,2.947999,1.117671
334400,0.999576,0.832784,0.107690,0.089645,2.915406,1.680851,3.073669,1.497803,3.250230,1.340825,2.684047,1.399810,2.951621,1.120045
334720,0.999941,0.832870,0.119882,0.099840,2.918666,1.683236,3.076910,1.500220,3.253566,1.343263,2.687544,1.402244,2.955177,1.122599
335040,0.999908,0.832947,0.113141,0.094232,2.921923,1.685619,3.080121,1.502611,3.256879,1.345691,2.691002,1.404664,2.958666,1.125120
335360,0.999840,0.833002,0.115530,0.096222,2.925192,1.688005,3.083358,1.505020,3.260226,1.348135,2.694464,1.407125,2.962228,1.127576
335680,0.999636,0.833047,0.118336,0.098544,2.928452,1.690370,3.086610,1.507430,3.263580,1.350588,2.697831,1.409575,2.965770,1.130080
336000,0.998973,0.833046,0.106367,0.088518,2.931711,1.692743,3.089840,1.509835,3.266903,1.353023,2.701132,1.412054,2.968975,1.132452
336320,0.999893,0.833095,0.120099,0.100043,2.934990,1.695136,3.093085,1.512275,3.270227,1.355484,2.704363,1.414557,2.972389,1.135121
336640,0.997652,0.833074,0.108473,0.090154,2.938234,1.697528,3.096288,1.514683,3.273515,1.357940,2.707457,1.417072,2.975414,1.137602
336960,0.999718,0.833040,0.114041,0.094974,2.941467,1.699950,3.099497,1.517115,3.276810,1.360418,2.710215,1.419505,2.978667,1.140392
337280,0.997151,0.832969,0.107104,0.088960,2.944653,1.702361,3.102662,1.519553,3.280055,1.362884,2.712925,1.422041,2.981582,1.143037
337600,0.998499,0.832889,0.116527,0.096908,2.947826,1.704801,3.105844,1.522009,3.283317,1.365387,2.715354,1.424291,2.984639,1.145980
337920,0.999583,0.832840,0.116510,0.096994,2.950966,1.707245,3.109008,1.524455,3.286525,1.367882,2.718090,1.426779,2.987414,1.148716
338240,0.997288,0.832837,0.108930,0.090475,2.954119,1.709719,3.112206,1.526930,3.289757,1.370416,2.721259,1.429503,2.990457,1.151239
338560,0.997578,0.832629,0.105948,0.088001,2.957266,1.712205,3.115410,1.529388,3.292990,1.372963,2.723360,1.432235,2.993722,1.153917
338880,0.986723,0.832378,0.099380,0.081624,2.960287,1.714658,3.118526,1.531850,3.296185,1.375506,2.724128,1.434304,2.996063,1.157830
339200,0.990802,0.832049,0.101649,0.083799,2.963279,1.717199,3.121593,1.534398,3.299299,1.378135,2.725070,1.436431,2.998287,1.161240
339520,0.992217,0.831698,0.108540,0.089570,2.966185,1.719744,3.124633,1.536946,3.302363,1.380810,2.726100,1.438432,3.000486,1.164423
339840,0.980771,0.831379,0.108980,0.088861,2.969057,1.722321,3.127681,1.539492,3.305397,1.383507,2.727294,1.440434,3.002829,1.167580
340160,0.985338,0.831049,0.110829,0.090754,2.971896,1.724910,3.130696,1.542020,3.308376,1.386194,2.728828,1.442652,3.004705,1.170325
340480,0.981827,0.830761,0.097414,0.079457,2.974694,1.727490,3.133721,1.544574,3.311368,1.388901,2.730486,1.444706,3.007377,1.173074
340800,0.987959,0.830512,0.114251,0.093744,2.977492,1.730077,3.136760,1.547148,3.314375,1.391640,2.731961,1.446308,3.009837,1.176265
341120,0.990414,0.830569,0.109773,0.090300,2.980298,1.732661,3.139776,1.549712,3.317309,1.394321,2.734986,1.449101,3.012675,1.179037
341440,0.996341,0.830724,0.117290,0.097079,2.983172,1.735283,3.142852,1.552324,3.320323,1.397053,2.738651,1.451764,3.016000,1.181665
341760,0.993995,0.830381,0.108687,0.089709,2.985965,1.737778,3.145850,1.554847,3.323326,1.399700,2.740102,1.453053,3.019220,1.184299
342080,0.999373,0.830310,0.116317,0.096518,2.988829,1.740334,3.148873,1.557454,3.326341,1.402388,2.742533,1.455440,3.021758,1.187223
342400,0.999800,0.830291,0.119192,0.098945,2.991690,1.742887,3.151885,1.560066,3.329343,1.405079,2.745280,1.457992,3.024769,1.189976
342720,0.999901,0.830307,0.117430,0.097493,2.994573,1.745433,3.154898,1.562678,3.332328,1.407739,2.748391,1.460746,3.027534,1.192502
343040,0.999604,0.830337,0.111855,0.092841,2.997479,1.747977,3.157920,1.565291,3.335328,1.410402,2.751689,1.463537,3.030504,1.194879
343360,0.998709,0.830443,0.116257,0.096420,3.000396,1.750527,3.160940,1.567887,3.338322,1.413023,2.755143,1.466272,3.033706,1.197420
343680,0.999512,0.830525,0.109929,0.091254,3.003343,1.753068,3.163968,1.570487,3.341357,1.415645,2.758795,1.468998,3.036834,1.199683
344000,0.998607,0.830653,0.119919,0.099472,3.006332,1.755590,3.167016,1.573064,3.344420,1.418242,2.762531,1.471650,3.040300,1.202042
344320,0.996648,0.830787,0.114764,0.095025,3.009330,1.758076,3.170058,1.575629,3.347468,1.420800,2.766280,1.474236,3.043735,1.204373
344640,0.999289,0.830853,0.108550,0.090125,3.012380,1.760568,3.173115,1.578182,3.350555,1.423348,2.770082,1.476821,3.047065,1.206392
344960,0.997788,0.831024,0.119512,0.099098,3.015449,1.763042,3.176183,1.580734,3.353651,1.425879,2.773935,1.479388,3.050517,1.208813
345280,0.999081,0.831098,0.107194,0.089007,3.018528,1.765492,3.179244,1.583251,3.356759,1.428376,2.777777,1.481921,3.053923,1.210800
345600,0.996350,0.831246,0.116893,0.096812,3.021626,1.767938,3.182327,1.585786,3.359906,1.430883,2.781575,1.484462,3.057748,1.213161
345920,0.998840,0.831343,0.113431,0.094191,3.024747,1.770380,3.185395,1.588288,3.363033,1.433324,2.785335,1.486974,3.060968,1.215372
346240,0.998338,0.831450,0.114984,0.095445,3.027893,1.772816,3.188497,1.590799,3.366197,1.435782,2.789145,1.489506,3.064551,1.217576
346560,0.997880,0.831551,0.117493,0.097494,3.031039,1.775239,3.191602,1.593300,3.369377,1.438228,2.792924,1.492038,3.068155,1.219782
346880,0.999555,0.831640,0.116057,0.096475,3.034199,1.777658,3.194693,1.595780,3.372548,1.440645,2.796659,1.494551,3.071360,1.222005
347200,0.999360,0.831738,0.117057,0.097298,3.037379,1.780076,3.197806,1.598252,3.375729,1.443062,2.800387,1.497074,3.074932,1.224247
347520,0.998690,0.831839,0.116383,0.096686,3.040563,1.782482,3.200924,1.600704,3.378910,1.445459,2.804065,1.499570,3.078405,1.226551
347840,0.999377,0.831891,0.109050,0.090661,3.043771,1.784891,3.204057,1.603151,3.382093,1.447852,2.807758,1.502088,3.081696,1.228644
348160,0.999713,0.831987,0.107474,0.089391,3.046976,1.787295,3.207192,1.605581,3.385282,1.450240,2.811435,1.504594,3.085222,1.230925
348480,0.999527,0.832105,0.114354,0.095110,3.050182,1.789693,3.210321,1.607994,3.388464,1.452615,2.815075,1.507095,3.088621,1.233334
348800,0.999160,0.832181,0.113645,0.094493,3.053404,1.792095,3.213464,1.610428,3.391667,1.454996,2.818702,1.509603,3.092166,1.235592
349120,0.999421,0.832242,0.106861,0.088882,3.056620,1.794485,3.216610,1.612850,3.394879,1.457385,2.822336,1.512120,3.095364,1.237806
349440,0.999746,0.832322,0.108233,0.090062,3.059844,1.796893,3.219769,1.615276,3.398090,1.459761,2.825957,1.514629,3.098865,1.240104
349760,0.999646,0.832424,0.113888,0.094769,3.063052,1.799294,3.222913,1.617675,3.401280,1.462113,2.829529,1.517117,3.102269,1.242534
350080,0.999363,0.832492,0.112915,0.093941,3.066284,1.801690,3.226061,1.620077,3.404491,1.464483,2.833105,1.519619,3.105789,1.244801
350400,0.999374,0.832538,0.106894,0.088938,3.069515,1.804087,3.229232,1.622493,3.407703,1.466852,2.836662,1.522120,3.108966,1.247045
350720,0.999685,0.832610,0.108203,0.090063,3.072759,1.806487,3.232406,1.624906,3.410924,1.469230,2.840219,1.524631,3.112445,1.249375
351040,0.999828,0.832714,0.113675,0.094642,3.076005,1.808877,3.235553,1.627281,3.414109,1.471566,2.843732,1.527104,3.115795,1.251851
351360,0.999617,0.832780,0.113168,0.094208,3.079249,1.811263,3.238740,1.629670,3.417324,1.473939,2.847248,1.529601,3.119290,1.254177
351680,0.999076,0.832859,0.114011,0.094867,3.082493,1.813657,3.241926,1.632047,3.420545,1.476316,2.850766,1.532102,3.122703,1.256571
352000,0.999481,0.832893,0.106161,0.088375,3.085750,1.816046,3.245110,1.634380,3.423758,1.478697,2.854279,1.534577,3.125943,1.258760
352320,0.999966,0.832986,0.117786,0.098111,3.089012,1.818435,3.248324,1.636732,3.426978,1.481062,2.857790,1.537058,3.129381,1.261219
352640,0.999781,0.833064,0.111272,0.092677,3.092261,1.820815,3.251488,1.639031,3.430184,1.483398,2.861268,1.539513,3.132801,1.263600
352960,0.999561,0.833139,0.115397,0.096100,3.095526,1.823193,3.254666,1.641289,3.433440,1.485755,2.864762,1.541985,3.136267,1.265974
353280,0.998910,0.833194,0.102842,0.085594,3.098794,1.825540,3.257822,1.643409,3.436663,1.488074,2.868234,1.544447,3.139453,1.268205
353600,0.999543,0.833312,0.114997,0.095785,3.102074,1.827883,3.260994,1.645363,3.439920,1.490395,2.871698,1.546907,3.142851,1.270678
353920,0.999808,0.833397,0.108863,0.090709,3.105347,1.830188,3.264246,1.647394,3.443142,1.492666,2.875125,1.549329,3.146252,1.273042
354240,0.999660,0.833476,0.115261,0.096034,3.108643,1.832488,3.267505,1.649556,3.446423,1.494954,2.878594,1.551780,3.149740,1.275412
354560,0.999161,0.833515,0.103359,0.086079,3.111924,1.834767,3.270719,1.651755,3.449668,1.497200,2.882025,1.554203,3.152949,1.277633
354880,0.999968,0.833595,0.116383,0.097014,3.115238,1.837076,3.273958,1.654053,3.452946,1.499463,2.885482,1.556644,3.156345,1.280080
355200,0.999825,0.833660,0.110149,0.091811,3.118517,1.839373,3.277146,1.656352,3.456192,1.501716,2.888911,1.559057,3.159757,1.282437
355520,0.999231,0.833723,0.112852,0.094015,3.121808,1.841680,3.280368,1.658727,3.459456,1.504005,2.892342,1.561485,3.163143,1.284841
355840,0.999434,0.833727,0.104891,0.087401,3.125090,1.844001,3.283563,1.661105,3.462719,1.506302,2.895761,1.563905,3.166342,1.287017
356160,0.999946,0.833816,0.112108,0.093473,3.128367,1.846327,3.286685,1.663393,3.465955,1.508604,2.899158,1.566320,3.169655,1.289504
356480,0.999200,0.833917,0.103149,0.085949,3.131626,1.848638,3.289532,1.665339,3.469177,1.510897,2.902555,1.568741,3.173112,1.291793
356800,0.993972,0.834056,0.097751,0.081038,3.134854,1.850903,3.292333,1.666521,3.472380,1.513142,2.905926,1.571123,3.176231,1.293998
357120,0.997797,0.834194,0.109250,0.090935,3.138129,1.853127,3.295644,1.667905,3.475636,1.515321,2.909342,1.573483,3.179625,1.296393
357440,0.999475,0.834287,0.104868,0.087444,3.141422,1.855295,3.298933,1.669559,3.478906,1.517415,2.912733,1.575787,3.183047,1.298679
357760,0.997891,0.834336,0.102159,0.085055,3.144741,1.857438,3.302176,1.671417,3.482236,1.519504,2.916164,1.578117,3.186251,1.300829
358080,0.999780,0.834452,0.110889,0.092511,3.148061,1.859572,3.305346,1.673343,3.485539,1.521574,2.919566,1.580427,3.189599,1.303257
358400,0.971352,0.834528,0.102342,0.082961,3.151371,1.861693,3.308506,1.675392,3.488802,1.523649,2.922924,1.582722,3.191820,1.305655
358720,0.911048,0.834667,0.099640,0.075769,3.154673,1.863840,3.311644,1.677616,3.491957,1.525799,2.926196,1.585076,3.191824,1.308600
359040,0.975731,0.834849,0.106364,0.086643,3.157928,1.866022,3.314688,1.679947,3.494964,1.528105,2.929332,1.587551,3.192403,1.311685
359360,0.908522,0.835036,0.103872,0.078802,3.161136,1.868251,3.317664,1.682189,3.497906,1.530495,2.932388,1.590080,3.193198,1.314770
359680,0.971674,0.835198,0.107097,0.086914,3.164305,1.870523,3.320702,1.684574,3.500741,1.532955,2.935353,1.592654,3.193842,1.317856
360000,0.996883,0.835362,0.115224,0.095954,3.167436,1.872845,3.323742,1.687072,3.503572,1.535475,2.938300,1.595286,3.195553,1.320920
360320,0.998806,0.835481,0.116024,0.096820,3.170531,1.875216,3.326780,1.689616,3.506424,1.538020,2.941250,1.597938,3.197818,1.323799
360640,0.992581,0.835557,0.106154,0.088040,3.173616,1.877619,3.329781,1.692117,3.509248,1.540542,2.944171,1.600569,3.199990,1.326515
360960,0.998000,0.835649,0.113848,0.094947,3.176683,1.880045,3.332794,1.694617,3.512081,1.543101,2.947092,1.603223,3.202063,1.329350
361280,0.999548,0.835717,0.116813,0.097579,3.179710,1.882477,3.335861,1.697202,3.514872,1.545637,2.949968,1.605866,3.204234,1.332134
361600,0.999862,0.835777,0.117830,0.098466,3.182734,1.884956,3.338919,1.699896,3.517712,1.548224,2.952866,1.608534,3.206904,1.334909
361920,0.997238,0.835818,0.118179,0.098504,3.185725,1.887451,3.341963,1.702606,3.520560,1.550803,2.955780,1.611178,3.210256,1.337528
362240,0.989836,0.835742,0.112895,0.093392,3.188711,1.889963,3.345060,1.705299,3.523469,1.553332,2.958768,1.613788,3.214635,1.339528
362560,0.986722,0.835533,0.110689,0.091256,3.191705,1.892491,3.348186,1.707932,3.526482,1.555774,2.961849,1.616305,3.219247,1.340961
362880,0.986809,0.835285,0.109300,0.090092,3.194731,1.895001,3.351323,1.710502,3.529568,1.558123,2.965007,1.618726,3.223902,1.342207
363200,0.987847,0.835032,0.108707,0.089670,3.197778,1.897484,3.354483,1.713036,3.532722,1.560402,2.968237,1.621069,3.228511,1.343422
363520,0.989445,0.834790,0.108043,0.089242,3.200853,1.899939,3.357653,1.715547,3.535920,1.562623,2.971515,1.623353,3.233077,1.344676
363840,0.990976,0.834567,0.107810,0.089163,3.203950,1.902359,3.360831,1.718033,3.539157,1.564796,2.974822,1.625588,3.237586,1.346008
364160,0.992421,0.834365,0.107820,0.089280,3.207071,1.904756,3.364033,1.720502,3.542425,1.566944,2.978157,1.627780,3.242045,1.347424
364480,0.993671,0.834193,0.107987,0.089512,3.210217,1.907133,3.367241,1.722950,3.545711,1.569072,2.981539,1.629953,3.246441,1.348928
364800,0.998901,0.834008,0.101296,0.084389,3.213378,1.909496,3.370450,1.725370,3.549020,1.571186,2.984925,1.632103,3.250479,1.350420
365120,0.999563,0.833994,0.116817,0.097382,3.216549,1.911833,3.373653,1.727785,3.552318,1.573310,2.988299,1.634264,3.253858,1.352695
365440,0.999735,0.834013,0.112512,0.093811,3.219729,1.914156,3.376820,1.730200,3.555572,1.575501,2.991626,1.636468,3.257358,1.355061
365760,0.999655,0.834039,0.109796,0.091543,3.222941,1.916491,3.379996,1.732611,3.558804,1.577724,2.994937,1.638682,3.260834,1.357453
366080,0.999586,0.834056,0.110306,0.091963,3.226134,1.918825,3.383184,1.735019,3.562032,1.579973,2.998258,1.640924,3.264382,1.359778
366400,0.999451,0.834078,0.114481,0.095433,3.229323,1.921151,3.386391,1.737427,3.565273,1.582254,3.001576,1.643178,3.267890,1.362140
366720,0.999038,0.834077,0.103152,0.085954,3.232507,1.923463,3.389581,1.739819,3.568483,1.584530,3.004866,1.645416,3.271102,1.364405
367040,0.999499,0.834110,0.105061,0.087589,3.235699,1.925784,3.392790,1.742206,3.571700,1.586830,3.008175,1.647684,3.274587,1.366784
367360,0.999928,0.834162,0.114867,0.095811,3.238899,1.928094,3.395985,1.744570,3.574914,1.589128,3.011471,1.649948,3.278051,1.369235
367680,0.999662,0.834204,0.113095,0.094312,3.242097,1.930415,3.399187,1.746933,3.578115,1.591437,3.014743,1.652220,3.281399,1.371674
368000,0.999436,0.834226,0.113581,0.094699,3.245292,1.932738,3.402393,1.749296,3.581321,1.593760,3.018026,1.654511,3.284880,1.374005
368320,0.999241,0.834220,0.103229,0.086050,3.248485,1.935058,3.405595,1.751651,3.584509,1.596066,3.021295,1.656786,3.288075,1.376238
368640,0.999962,0.834277,0.115667,0.096495,3.251703,1.937391,3.408796,1.754008,3.587720,1.598389,3.024573,1.659076,3.291482,1.378745
368960,0.999891,0.834319,0.108816,0.090778,3.254888,1.939696,3.411980,1.756340,3.590890,1.600698,3.027812,1.661354,3.294862,1.381154
369280,0.999599,0.834355,0.114867,0.095802,3.258092,1.942020,3.415199,1.758700,3.594111,1.603042,3.031086,1.663677,3.298299,1.383570
369600,0.999204,0.834353,0.103112,0.085963,3.261288,1.944330,3.418386,1.761035,3.597306,1.605380,3.034318,1.665977,3.301457,1.385833
369920,0.999924,0.834419,0.115604,0.096455,3.264498,1.946654,3.421592,1.763385,3.600475,1.607759,3.037580,1.668291,3.304824,1.388334
370240,0.999534,0.834486,0.109849,0.091625,3.267686,1.948973,3.424763,1.765728,3.603549,1.610190,3.040812,1.670584,3.308188,1.390745
370560,0.997341,0.834569,0.111136,0.092504,3.270857,1.951311,3.427952,1.768094,3.606482,1.612751,3.044063,1.672899,3.311630,1.393056
370880,0.994382,0.834753,0.112865,0.093685,3.274014,1.953666,3.431123,1.770485,3.609114,1.615577,3.047313,1.675229,3.314991,1.395476
371200,0.995132,0.834965,0.115237,0.095751,3.277146,1.956054,3.434238,1.772908,3.611530,1.618560,3.050559,1.677558,3.318044,1.397825
371520,0.994220,0.835486,0.107654,0.089423,3.280258,1.958475,3.437318,1.775388,3.612645,1.621593,3.053803,1.679897,3.321402,1.400243
371840,0.966478,0.836289,0.091360,0.073842,3.283217,1.960926,3.440228,1.777910,3.612159,1.623765,3.057019,1.682247,3.324678,1.402593
372160,0.968934,0.837096,0.105994,0.085971,3.286116,1.963416,3.442966,1.780495,3.611803,1.626727,3.060189,1.684612,3.327839,1.404958
372480,0.976100,0.837842,0.107174,0.087649,3.288953,1.965996,3.445575,1.783217,3.611657,1.629812,3.063330,1.687035,3.330987,1.407366
372800,0.979097,0.838519,0.108007,0.088673,3.291722,1.968636,3.448031,1.786039,3.611770,1.632917,3.066428,1.689486,3.334075,1.409831
373120,0.983608,0.839127,0.113841,0.093961,3.294437,1.971315,3.450367,1.788936,3.612164,1.636121,3.069506,1.691982,3.337183,1.412297
373440,0.987737,0.839633,0.104588,0.086739,3.297115,1.974031,3.452597,1.791891,3.612841,1.639289,3.072510,1.694499,3.340240,1.414719
373760,0.983545,0.840120,0.113101,0.093455,3.299738,1.976789,3.454747,1.794894,3.613805,1.642398,3.075489,1.697063,3.343384,1.417406
374080,0.962702,0.840561,0.091383,0.073948,3.302306,1.979571,3.456832,1.797914,3.614618,1.644908,3.078412,1.699668,3.346263,1.420014
374400,0.930786,0.841269,0.105118,0.082312,3.304776,1.982328,3.458828,1.800906,3.614187,1.647276,3.081317,1.702000,3.349050,1.422619
374720,0.941578,0.841986,0.106617,0.084526,3.307197,1.985192,3.460706,1.803974,3.613854,1.650254,3.084289,1.704521,3.352083,1.425204
375040,0.952026,0.842607,0.107410,0.086163,3.309513,1.988095,3.462462,1.807090,3.613720,1.653253,3.087119,1.707184,3.355121,1.427736
375360,0.946360,0.843142,0.099813,0.079643,3.311737,1.991039,3.464082,1.810229,3.613807,1.656245,3.089811,1.709497,3.357782,1.430337
375680,0.833469,0.843696,0.088951,0.062550,3.313924,1.993965,3.465613,1.813395,3.614090,1.659230,3.092762,1.709816,3.360513,1.433052
376000,0.693470,0.844117,0.119006,0.069662,3.316165,1.996685,3.467736,1.817523,3.614541,1.662190,3.096260,1.706394,3.363337,1.435500
376320,0.812857,0.844359,0.076353,0.052404,3.318717,1.998992,3.469491,1.820362,3.615018,1.665150,3.098344,1.703438,3.366342,1.437556
376640,0.937517,0.844876,0.095329,0.075508,3.321214,2.001385,3.471106,1.823303,3.615586,1.668090,3.101559,1.703245,3.369323,1.439624
376960,0.909658,0.845366,0.091737,0.070545,3.323593,2.003974,3.472665,1.826325,3.616284,1.671009,3.104699,1.704549,3.372193,1.441876
377280,0.765229,0.845707,0.079452,0.051418,3.325841,2.006574,3.474144,1.829319,3.617099,1.673891,3.107578,1.703428,3.374912,1.444170
377600,0.871137,0.845917,0.079415,0.058522,3.328134,2.008964,3.475693,1.832201,3.617994,1.676744,3.110090,1.701284,3.377646,1.446278
377920,0.941099,0.846308,0.093153,0.074192,3.330459,2.011400,3.477285,1.835114,3.618966,1.679580,3.113220,1.701751,3.380396,1.448392
378240,0.813103,0.846595,0.078489,0.054029,3.332678,2.013885,3.478855,1.838034,3.620056,1.682438,3.116154,1.701242,3.383041,1.450585
378560,0.907787,0.846809,0.088921,0.068356,3.334954,2.016252,3.480494,1.840889,3.621377,1.685444,3.118990,1.700553,3.385697,1.452662
378880,0.937126,0.847016,0.088625,0.070347,3.337225,2.018601,3.482188,1.843716,3.622890,1.688533,3.121942,1.700075,3.388359,1.454739
379200,0.911931,0.847238,0.090171,0.069668,3.339517,2.020935,3.483950,1.846534,3.624665,1.691730,3.125176,1.699805,3.391018,1.456807
379520,0.848134,0.847450,0.080888,0.058138,3.341367,2.023409,3.485781,1.849265,3.626194,1.694314,3.128781,1.698777,3.393689,1.458791
379840,0.749395,0.847468,0.110906,0.070435,3.340935,2.026355,3.488267,1.853823,3.627867,1.696956,3.133963,1.697797,3.396552,1.460612
380160,0.601498,0.847243,0.056537,0.028812,3.338599,2.028253,3.490222,1.858438,3.629615,1.699626,3.137791,1.697159,3.399503,1.462121
380480,0.557124,0.847051,0.035722,0.016858,3.336096,2.029914,3.490694,1.861465,3.630839,1.701873,3.140461,1.695766,3.402497,1.463385
380800,0.568824,0.847333,0.053602,0.025835,3.333276,2.031564,3.490176,1.865741,3.630770,1.704858,3.143589,1.694037,3.404890,1.465318
381120,0.491493,0.847363,0.051033,0.021254,3.330619,2.033287,3.489913,1.870612,3.630928,1.707850,3.146284,1.692221,3.407222,1.467342
381440,0.603292,0.847541,0.075893,0.038805,3.327692,2.034612,3.489318,1.875715,3.631297,1.710829,3.149511,1.690827,3.409446,1.469417
381760,0.587139,0.847772,0.073234,0.036453,3.324882,2.036018,3.489149,1.880275,3.631855,1.713772,3.152869,1.689551,3.411329,1.471822
382080,0.571534,0.847671,0.055484,0.026881,3.322499,2.037859,3.489200,1.884337,3.632622,1.716668,3.155421,1.687937,3.413311,1.474120
382400,0.711817,0.847813,0.079165,0.047775,3.319301,2.038740,3.488390,1.888581,3.633578,1.719505,3.158782,1.687684,3.415803,1.475801
382720,0.951213,0.847533,0.086752,0.069938,3.317263,2.040890,3.489254,1.893477,3.634728,1.722279,3.160873,1.689792,3.417601,1.478227
383040,0.948405,0.846894,0.113798,0.091402,3.317770,2.044543,3.489617,1.897436,3.636106,1.725116,3.160537,1.693297,3.418628,1.481084
383360,0.865148,0.846400,0.086369,0.063244,3.320650,2.048161,3.488479,1.900283,3.637724,1.727899,3.158568,1.697510,3.418640,1.484097
383680,0.905673,0.845727,0.081524,0.062444,3.322296,2.051096,3.486977,1.903566,3.639627,1.730697,3.156208,1.700887,3.418078,1.487073
384000,0.903495,0.845200,0.061539,0.046993,3.321332,2.053922,3.484688,1.905517,3.641454,1.733362,3.154223,1.705105,3.417491,1.490012
384320,0.929386,0.844286,0.064701,0.050769,3.320331,2.056785,3.483458,1.908771,3.642643,1.736115,3.151505,1.707323,3.416779,1.492927
384640,0.851813,0.843872,0.082264,0.059133,3.317783,2.058694,3.484877,1.911408,3.643059,1.739078,3.149769,1.711812,3.416671,1.495931
384960,0.803733,0.843744,0.089604,0.060765,3.316631,2.061393,3.487721,1.912119,3.643610,1.742021,3.149141,1.717244,3.417359,1.498895
385280,0.671314,0.843926,0.098001,0.055521,3.318501,2.065411,3.490194,1.910418,3.644370,1.744912,3.149243,1.722626,3.418482,1.501708
385600,0.585021,0.844677,0.078778,0.038929,3.322310,2.068515,3.490885,1.907504,3.645288,1.747767,3.149501,1.726987,3.419470,1.504537
385920,0.522500,0.844957,0.058207,0.025698,3.326628,2.070459,3.492919,1.905321,3.646348,1.750563,3.147697,1.729363,3.420086,1.507462
386240,0.767012,0.844828,0.080724,0.052309,3.330672,2.071700,3.495891,1.905440,3.647477,1.753340,3.144688,1.732722,3.420334,1.510431
386560,0.884618,0.845050,0.100367,0.075029,3.334956,2.072690,3.497802,1.907792,3.648447,1.756182,3.143011,1.737776,3.420426,1.513435
386880,0.914848,0.845416,0.105191,0.081358,3.338902,2.074252,3.498472,1.910902,3.649387,1.759031,3.142463,1.743144,3.420397,1.516513
387200,0.943214,0.845722,0.109276,0.087169,3.342529,2.076279,3.499316,1.913975,3.650542,1.761790,3.142505,1.748503,3.420557,1.519639
387520,0.961414,0.845926,0.111922,0.091024,3.345868,2.078650,3.500624,1.916891,3.651923,1.764486,3.142921,1.753771,3.421031,1.522766
387840,0.971023,0.846018,0.114604,0.094148,3.348960,2.081273,3.502291,1.919650,3.653598,1.767249,3.143600,1.758944,3.421798,1.525850
388160,0.978167,0.846061,0.112698,0.093268,3.351841,2.084069,3.504180,1.922286,3.655326,1.769894,3.144471,1.764026,3.422790,1.528916
388480,0.968030,0.846403,0.111039,0.090979,3.354516,2.086976,3.506113,1.924881,3.655659,1.772624,3.145486,1.769016,3.423827,1.531985
388800,0.980563,0.846766,0.112085,0.093065,3.356969,2.090026,3.507854,1.927607,3.655901,1.775602,3.146611,1.773929,3.424683,1.535126
389120,0.987248,0.847056,0.112525,0.094100,3.359251,2.093186,3.509444,1.930415,3.656395,1.778558,3.147797,1.778761,3.425486,1.538310
389440,0.991752,0.847279,0.113331,0.095231,3.361383,2.096436,3.510953,1.933282,3.657105,1.781468,3.149028,1.783553,3.426301,1.541520
389760,0.994374,0.847430,0.112618,0.094899,3.363376,2.099730,3.512426,1.936171,3.658040,1.784313,3.150291,1.788262,3.427153,1.544724
390080,0.995539,0.847512,0.113428,0.095703,3.365280,2.103081,3.513904,1.939081,3.659196,1.787078,3.151595,1.792922,3.428075,1.547934
390400,0.995736,0.847540,0.114221,0.096394,3.367104,2.106440,3.515396,1.941966,3.660594,1.789843,3.152942,1.797524,3.429077,1.551133
390720,0.994796,0.847488,0.116100,0.097881,3.368893,2.109823,3.516946,1.944856,3.662324,1.792713,3.154317,1.802071,3.430180,1.554324
391040,0.992201,0.847353,0.116783,0.098185,3.370663,2.113219,3.518557,1.947722,3.664407,1.795595,3.155734,1.806555,3.431386,1.557494
391360,0.989547,0.847149,0.116507,0.097667,3.372436,2.116592,3.520272,1.950559,3.666775,1.798334,3.157180,1.810979,3.432715,1.560654
391680,0.986816,0.846876,0.116333,0.097221,3.374228,2.119941,3.522093,1.953354,3.669408,1.800959,3.158665,1.815348,3.434175,1.563761
392000,0.987642,0.846625,0.116913,0.097759,3.376055,2.123270,3.524005,1.956098,3.671899,1.803418,3.160190,1.819664,3.435744,1.566822
392320,0.983854,0.846289,0.114917,0.095683,3.377919,2.126575,3.525995,1.958795,3.674834,1.805903,3.161777,1.823924,3.437413,1.569854
392640,0.980103,0.845888,0.114751,0.095135,3.379848,2.129837,3.528100,1.961450,3.678051,1.808222,3.163420,1.828118,3.439203,1.572839
392960,0.975918,0.845422,0.115104,0.094968,3.381857,2.133042,3.530321,1.964035,3.681600,1.810375,3.165134,1.832250,3.441125,1.575769
393280,0.972540,0.844903,0.115524,0.094926,3.383959,2.136191,3.532681,1.966532,3.685394,1.812310,3.166936,1.836327,3.443190,1.578620
393600,0.973359,0.844409,0.112958,0.092842,3.386144,2.139258,3.535172,1.968934,3.689123,1.814034,3.168826,1.840319,3.445393,1.581392
393920,0.971442,0.843864,0.112728,0.092411,3.388415,2.142262,3.537772,1.971254,3.693136,1.815739,3.170784,1.844247,3.447700,1.584089
394240,0.970205,0.843279,0.112252,0.091839,3.390792,2.145198,3.540477,1.973476,3.697380,1.817320,3.172822,1.848093,3.450112,1.586703
394560,0.969993,0.842674,0.110662,0.090454,3.393263,2.148050,3.543283,1.975602,3.701778,1.818756,3.174942,1.851858,3.452640,1.589234
394880,0.971340,0.842073,0.109490,0.089556,3.395820,2.150810,3.546198,1.977640,3.706249,1.820106,3.177156,1.855536,3.455272,1.591679
395200,0.973253,0.841474,0.108860,0.089153,3.398460,2.153484,3.549176,1.979584,3.710812,1.821455,3.179450,1.859111,3.457995,1.594042
395520,0.975683,0.840904,0.107890,0.088519,3.401176,2.156082,3.552240,1.981469,3.715366,1.822794,3.181845,1.862600,3.460807,1.596343
395840,0.978397,0.840351,0.108383,0.089112,3.403965,2.158606,3.555377,1.983302,3.719967,1.824174,3.184338,1.865995,3.463685,1.598579
396160,0.976202,0.839893,0.114108,0.093557,3.406827,2.161066,3.558559,1.985081,3.724509,1.825592,3.187073,1.869073,3.466423,1.600877
396480,0.987030,0.839613,0.104518,0.086617,3.409763,2.163411,3.561773,1.986802,3.728954,1.827078,3.190128,1.871785,3.468992,1.603416
396800,0.986343,0.839288,0.105684,0.087488,3.412785,2.165705,3.565032,1.988515,3.733330,1.828639,3.192954,1.874546,3.471575,1.605844
397120,0.985028,0.839013,0.102809,0.084966,3.415823,2.167925,3.568312,1.990238,3.737625,1.830302,3.195881,1.877433,3.474259,1.608199
397440,0.991200,0.838781,0.107330,0.089234,3.418903,2.170118,3.571599,1.991959,3.741839,1.832029,3.198785,1.880019,3.476809,1.610678
397760,0.991173,0.838543,0.106224,0.088287,3.422006,2.172274,3.574900,1.993685,3.745978,1.833809,3.201684,1.882618,3.479330,1.613013
398080,0.989942,0.838327,0.102036,0.084679,3.425144,2.174407,3.578212,1.995419,3.750012,1.835626,3.204645,1.885445,3.482199,1.615212
398400,0.994367,0.838183,0.106281,0.088581,3.428280,2.176513,3.581524,1.997168,3.754041,1.837506,3.207589,1.887936,3.484914,1.617737
398720,0.992606,0.838018,0.106324,0.088443,3.431446,2.178612,3.584834,1.998931,3.757994,1.839420,3.210511,1.890770,3.487467,1.620085
399040,0.994705,0.837880,0.107337,0.089459,3.434606,2.180704,3.588157,2.000744,3.761889,1.841382,3.213430,1.893306,3.489887,1.622537
399360,0.988642,0.837692,0.101826,0.084330,3.437772,2.182789,3.591491,2.002564,3.765750,1.843392,3.216276,1.895904,3.492776,1.624766
399680,0.996489,0.837619,0.106574,0.088955,3.440937,2.184865,3.594818,2.004388,3.769548,1.845418,3.219420,1.898438,3.495724,1.627121
400000,0.997741,0.837518,0.107104,0.089499,3.444115,2.186931,3.598137,2.006218,3.773301,1.847451,3.222435,1.900793,3.498427,1.629459
400320,0.994976,0.837402,0.105418,0.087834,3.447317,2.188997,3.601472,2.008060,3.777024,1.849505,3.225483,1.903405,3.501252,1.631638
400640,0.996495,0.837328,0.109213,0.091127,3.450525,2.191074,3.604793,2.009946,3.780728,1.851586,3.228457,1.906150,3.504057,1.634062
400960,0.998250,0.837284,0.105498,0.088177,3.453711,2.193157,3.608086,2.011854,3.784355,1.853688,3.231425,1.908511,3.506747,1.636592
401280,0.995044,0.837160,0.102686,0.085538,3.456907,2.195246,3.611409,2.013782,3.787980,1.855817,3.234497,1.911112,3.509661,1.638648
401600,0.993931,0.837084,0.104105,0.086616,3.460107,2.197343,3.614722,2.015736,3.791567,1.857947,3.237499,1.913761,3.512304,1.640978
401920,0.997720,0.837037,0.107590,0.089852,3.463300,2.199452,3.617992,2.017692,3.795099,1.860084,3.240468,1.916409,3.515110,1.643394
402240,0.997841,0.836970,0.107027,0.089385,3.466484,2.201566,3.621274,2.019684,3.798615,1.862238,3.243446,1.919042,3.517741,1.645739
402560,0.997940,0.836906,0.109256,0.091249,3.469665,2.203685,3.624558,2.021701,3.802116,1.864417,3.246440,1.921657,3.520398,1.648074
402880,0.990625,0.836856,0.102696,0.085136,3.472847,2.205817,3.627819,2.023725,3.805555,1.866605,3.249417,1.924224,3.522746,1.650462
403200,0.898158,0.836884,0.101263,0.076115,3.476013,2.207959,3.631045,2.025775,3.808938,1.868826,3.252375,1.926813,3.523454,1.653295
403520,0.929089,0.836881,0.101743,0.079109,3.479139,2.210123,3.634168,2.027893,3.812125,1.871126,3.255165,1.929453,3.522427,1.656143
403840,0.982774,0.836941,0.106751,0.087805,3.482234,2.212338,3.637297,2.030089,3.815238,1.873559,3.257876,1.932194,3.523274,1.659158
404160,0.987563,0.836988,0.105814,0.087464,3.485314,2.214602,3.640409,2.032287,3.818310,1.876018,3.260597,1.934918,3.525053,1.662021
404480,0.939465,0.837002,0.103092,0.081065,3.488358,2.216894,3.643523,2.034497,3.821361,1.878489,3.263308,1.937612,3.525470,1.664920
404800,0.959532,0.837055,0.107550,0.086382,3.491387,2.219212,3.646604,2.036766,3.824330,1.881028,3.265947,1.940360,3.526398,1.667954
405120,0.938992,0.837102,0.104045,0.081783,3.494367,2.221554,3.649652,2.039052,3.827255,1.883581,3.268556,1.943104,3.527323,1.670982
405440,0.959981,0.837137,0.108163,0.086924,3.497329,2.223932,3.652687,2.041382,3.830128,1.886181,3.271124,1.945880,3.528173,1.674003
405760,0.975887,0.837169,0.105688,0.086345,3.500260,2.226341,3.655692,2.043725,3.832938,1.888795,3.273650,1.948657,3.529094,1.677017
406080,0.986166,0.837205,0.107667,0.088892,3.503168,2.228789,3.658677,2.046106,3.835732,1.891433,3.276156,1.951463,3.530556,1.680030
406400,0.971781,0.837220,0.108890,0.088592,3.506045,2.231245,3.661658,2.048511,3.838514,1.894072,3.278673,1.954259,3.531862,1.682980
406720,0.984470,0.837247,0.106651,0.087906,3.508911,2.233719,3.664585,2.050931,3.841228,1.896706,3.281137,1.957048,3.532883,1.686018
407040,0.998781,0.837256,0.113941,0.095282,3.511761,2.236223,3.667513,2.053389,3.843956,1.899383,3.283610,1.959856,3.534918,1.688882
407360,0.998912,0.837220,0.114717,0.095939,3.514576,2.238738,3.670456,2.055852,3.846712,1.902038,3.286135,1.962640,3.537464,1.691487
407680,0.983253,0.837008,0.104385,0.085908,3.517402,2.241268,3.673426,2.058290,3.849495,1.904598,3.288711,1.965331,3.541209,1.693172
408000,0.980787,0.836686,0.106731,0.087584,3.520247,2.243791,3.676467,2.060685,3.852460,1.907073,3.291482,1.967905,3.545825,1.694274
408320,0.981559,0.836324,0.102955,0.084516,3.523124,2.246265,3.679507,2.063001,3.855525,1.909369,3.294383,1.970306,3.550440,1.695155
408640,0.983723,0.835959,0.102386,0.084197,3.526037,2.248689,3.682583,2.065291,3.858680,1.911541,3.297386,1.972583,3.555028,1.696003
408960,0.986387,0.835617,0.101723,0.083844,3.528989,2.251054,3.685669,2.067552,3.861906,1.913628,3.300465,1.974766,3.559559,1.696918
409280,0.988650,0.835308,0.101946,0.084190,3.531992,2.253378,3.688781,2.069793,3.865166,1.915654,3.303613,1.976877,3.564055,1.697919
409600,0.990538,0.835030,0.101813,0.084212,3.535026,2.255657,3.691903,2.072011,3.868457,1.917630,3.306813,1.978930,3.568496,1.699011
409920,0.992084,0.834786,0.101190,0.083803,3.538088,2.257897,3.695030,2.074209,3.871773,1.919579,3.310055,1.980940,3.572867,1.700200
410240,0.993383,0.834571,0.100883,0.083637,3.541174,2.260097,3.698164,2.076383,3.875091,1.921500,3.313316,1.982903,3.577198,1.701471
410560,0.994849,0.834392,0.100040,0.083043,3.544254,2.262208,3.701310,2.078548,3.878426,1.923417,3.316597,1.984839,3.581475,1.702820
410880,0.999639,0.834329,0.102729,0.085679,3.547376,2.264182,3.704448,2.080680,3.881728,1.925302,3.319887,1.986753,3.584860,1.704586
411200,0.999521,0.834385,0.105551,0.088028,3.550550,2.266086,3.707592,2.082831,3.885028,1.927261,3.323170,1.988719,3.588380,1.706767
411520,0.999278,0.834464,0.101879,0.084953,3.553770,2.267929,3.710732,2.084961,3.888290,1.929246,3.326421,1.990699,3.591874,1.708957
411840,0.998407,0.834501,0.095912,0.079911,3.557041,2.269763,3.713894,2.087081,3.891564,1.931264,3.329674,1.992682,3.595116,1.710975
412160,0.998450,0.834589,0.097071,0.080889,3.560316,2.271564,3.717066,2.089177,3.894832,1.933293,3.332940,1.994668,3.598556,1.713140
412480,0.998015,0.834697,0.095968,0.079945,3.563590,2.273256,3.720239,2.091242,3.898089,1.935317,3.336204,1.996634,3.601980,1.715263
412800,0.997184,0.834827,0.095115,0.079181,3.566969,2.274854,3.723445,2.093280,3.901342,1.937331,3.339466,1.998578,3.605411,1.717376
413120,0.996086,0.835041,0.097688,0.081254,3.570302,2.276172,3.726669,2.095279,3.904616,1.939327,3.342754,2.000504,3.609086,1.719554
413440,0.987124,0.835323,0.086719,0.071505,3.573547,2.276922,3.729902,2.097194,3.907886,1.941276,3.346056,2.002365,3.612333,1.721510
413760,0.987556,0.835728,0.091773,0.075743,3.576772,2.277388,3.733182,2.099028,3.911197,1.943184,3.349388,2.004162,3.615987,1.723703
414080,0.981743,0.836138,0.085652,0.070310,3.579980,2.277503,3.736491,2.100749,3.914514,1.945001,3.352731,2.005861,3.619483,1.725590
414400,0.984968,0.836584,0.086355,0.071158,3.583255,2.277518,3.739860,2.102369,3.917877,1.946765,3.356146,2.007495,3.623216,1.727473
414720,0.980611,0.837000,0.082957,0.068089,3.586494,2.277524,3.743255,2.103873,3.921273,1.948468,3.359578,2.009035,3.626985,1.729234
415040,0.956437,0.837547,0.076046,0.060918,3.589432,2.276922,3.746667,2.105255,3.924683,1.950085,3.363026,2.010468,3.630632,1.731050
415360,0.925496,0.838291,0.070602,0.054775,3.592075,2.275482,3.750093,2.106490,3.928088,1.951587,3.366477,2.011749,3.633948,1.733007
415680,0.935158,0.839062,0.070225,0.055103,3.594743,2.274132,3.753520,2.107542,3.931514,1.952999,3.369929,2.012896,3.636834,1.735205
416000,0.931773,0.839858,0.070592,0.055242,3.597522,2.273017,3.756952,2.108459,3.934921,1.954393,3.373363,2.013994,3.639368,1.737711
416320,0.932794,0.840626,0.069979,0.054872,3.600365,2.272054,3.760384,2.109278,3.938313,1.955794,3.376774,2.015072,3.641695,1.740228
416640,0.863440,0.841251,0.091527,0.066482,3.603264,2.271306,3.764937,2.110283,3.941649,1.957182,3.380122,2.016136,3.642878,1.742950
416960,0.769940,0.841762,0.060819,0.039417,3.606256,2.270757,3.770382,2.111336,3.944953,1.958670,3.383388,2.017340,3.642580,1.745923
417280,0.757581,0.842240,0.069979,0.044651,3.609370,2.270400,3.774783,2.112428,3.948213,1.960417,3.386585,2.018672,3.641299,1.748634
417600,0.729500,0.842687,0.062228,0.038254,3.612437,2.270262,3.777878,2.113220,3.951250,1.962016,3.389444,2.020190,3.639578,1.751073
417920,0.753164,0.843115,0.067580,0.042913,3.615639,2.270336,3.780995,2.113991,3.954303,1.963612,3.392295,2.021674,3.638069,1.753642
418240,0.783803,0.843477,0.067486,0.044617,3.618937,2.270671,3.784081,2.114817,3.957297,1.965222,3.395067,2.023232,3.636539,1.756222
418560,0.815801,0.843802,0.072281,0.049756,3.622269,2.271263,3.787158,2.115749,3.960225,1.966894,3.397701,2.024932,3.635317,1.758962
418880,0.811981,0.844033,0.069599,0.047699,3.625586,2.272114,3.790195,2.116805,3.963071,1.968159,3.400166,2.026802,3.634248,1.761778
419200,0.779179,0.844231,0.069546,0.045748,3.628889,2.273222,3.793259,2.117765,3.965868,1.967091,3.402524,2.028826,3.634280,1.765240
419520,0.702527,0.844148,0.073391,0.043523,3.632109,2.274554,3.798900,2.118703,3.967811,1.964420,3.404943,2.030953,3.634542,1.768345
419840,0.613295,0.844042,0.049237,0.025487,3.634684,2.275241,3.801962,2.118957,3.970478,1.962996,3.406906,2.033294,3.632846,1.770843
420160,0.712334,0.844116,0.064794,0.038960,3.638004,2.276230,3.807091,2.118620,3.972013,1.959548,3.409327,2.035173,3.632551,1.773769
420480,0.948650,0.843989,0.059346,0.047516,3.641331,2.277510,3.812742,2.119005,3.974053,1.957396,3.411979,2.036809,3.634470,1.776061
420800,0.966596,0.843398,0.074244,0.060525,3.644708,2.279099,3.817762,2.118971,3.977564,1.957603,3.414842,2.038136,3.637450,1.776439
421120,0.943453,0.842824,0.056024,0.044549,3.648052,2.280991,3.820786,2.118541,3.980872,1.959674,3.417951,2.038460,3.641931,1.774671
421440,0.936944,0.842235,0.070862,0.055919,3.651304,2.283134,3.823757,2.118239,3.984198,1.962065,3.421116,2.038749,3.647166,1.772841
421760,0.964190,0.841766,0.080998,0.065739,3.654539,2.285572,3.826403,2.119728,3.987167,1.964157,3.424273,2.039144,3.651924,1.772186
422080,0.985736,0.841357,0.074584,0.061856,3.657628,2.288230,3.828612,2.121796,3.990284,1.966370,3.427324,2.040151,3.654663,1.772718
422400,0.947946,0.841181,0.092150,0.073480,3.660612,2.291070,3.830310,2.124332,3.993252,1.967268,3.429896,2.041961,3.656914,1.775297
422720,0.922197,0.840750,0.082990,0.064345,3.663449,2.293995,3.832464,2.126453,3.996152,1.966451,3.432263,2.044070,3.658724,1.777724
423040,0.836076,0.840284,0.078765,0.055336,3.666273,2.297033,3.834969,2.128132,3.999301,1.966364,3.434572,2.046268,3.659627,1.780412
423360,0.839273,0.839850,0.077149,0.054380,3.669041,2.300036,3.837513,2.129742,4.001798,1.964646,3.436719,2.048601,3.660496,1.783292
423680,0.951094,0.839384,0.094392,0.075356,3.671854,2.303078,3.840269,2.130962,4.004881,1.964486,3.438836,2.050969,3.661439,1.786144
424000,0.856180,0.838931,0.080158,0.057576,3.674645,2.306114,3.842908,2.132416,4.007847,1.964345,3.440942,2.053361,3.662622,1.788928
424320,0.860857,0.838475,0.076526,0.055237,3.677444,2.309048,3.845663,2.133624,4.010294,1.962586,3.443034,2.055762,3.663953,1.791623
424640,0.950208,0.837954,0.087975,0.070048,3.680318,2.311903,3.849219,2.135026,4.013419,1.962818,3.445194,2.058116,3.665398,1.794261
424960,0.896115,0.837527,0.083437,0.062621,3.683258,2.314738,3.852001,2.136368,4.016392,1.963073,3.447303,2.060575,3.667090,1.796751
425280,0.962558,0.836893,0.099064,0.079802,3.686228,2.317475,3.856247,2.137992,4.019282,1.962414,3.449485,2.062975,3.668923,1.799142
425600,0.946590,0.836489,0.079138,0.062663,3.689272,2.320112,3.859064,2.139235,4.022356,1.962789,3.451733,2.065304,3.670957,1.801345
425920,0.938864,0.836037,0.082767,0.064966,3.692367,2.322663,3.862560,2.140641,4.025443,1.963224,3.454121,2.067542,3.673116,1.803423
426240,0.991198,0.835529,0.089548,0.074161,3.695488,2.325092,3.865965,2.142314,4.028585,1.963088,3.456572,2.069685,3.675412,1.805350
426560,0.981290,0.835144,0.088258,0.072329,3.698628,2.327415,3.869420,2.143414,4.031538,1.963243,3.459147,2.071644,3.677853,1.807078
426880,0.993920,0.834765,0.098117,0.081407,3.701856,2.329630,3.872910,2.144727,4.034698,1.963891,3.461854,2.073498,3.680412,1.808641
427200,0.988877,0.834480,0.075090,0.061964,3.705097,2.331753,3.875695,2.145960,4.037661,1.964071,3.464583,2.075317,3.683188,1.810077
427520,0.996690,0.834157,0.078405,0.065186,3.708374,2.333760,3.879215,2.146704,4.040980,1.965242,3.467412,2.076968,3.685943,1.811259
427840,0.969516,0.833854,0.064711,0.052314,3.711711,2.335680,3.882146,2.147532,4.043930,1.965072,3.470303,2.078518,3.688780,1.812255
428160,0.995990,0.833570,0.073584,0.061091,3.715100,2.337403,3.885680,2.148092,4.046976,1.965506,3.473296,2.079924,3.691671,1.813047
428480,0.971357,0.833319,0.064704,0.052375,3.718467,2.339017,3.888594,2.148795,4.050179,1.966285,3.476276,2.081208,3.694608,1.813647
428800,0.978034,0.832985,0.055121,0.044907,3.721701,2.340476,3.891542,2.149118,4.053296,1.965639,3.479316,2.082393,3.697579,1.814046
429120,0.881473,0.832317,0.067353,0.049415,3.723427,2.343031,3.894474,2.149828,4.056441,1.965553,3.482346,2.083479,3.700571,1.814241
429440,0.777332,0.831135,0.077129,0.049831,3.722785,2.347031,3.896938,2.151610,4.059794,1.965578,3.485119,2.085032,3.704496,1.814345
429760,0.755299,0.829942,0.084013,0.052664,3.720721,2.350743,3.898360,2.154237,4.063527,1.966945,3.487441,2.087140,3.708557,1.814478
430080,0.770219,0.828947,0.085892,0.054840,3.718259,2.354179,3.898841,2.157198,4.066753,1.969396,3.489189,2.089650,3.712810,1.814634
430400,0.762665,0.828026,0.084843,0.053579,3.715846,2.357513,3.899356,2.160125,4.069553,1.972181,3.490735,2.092271,3.717287,1.814666
430720,0.750205,0.827112,0.084223,0.052261,3.713660,2.360871,3.899761,2.163098,4.072206,1.974983,3.492343,2.094827,3.721973,1.814469
431040,0.774256,0.826146,0.082837,0.052987,3.711776,2.364315,3.900116,2.166072,4.074841,1.977680,3.493964,2.097366,3.726641,1.814102
431360,0.799065,0.825109,0.084749,0.055877,3.710289,2.367787,3.900782,2.169006,4.077499,1.980237,3.495537,2.099940,3.731401,1.813636
431680,0.818697,0.824069,0.087025,0.058713,3.709198,2.371369,3.901530,2.171944,4.080227,1.982619,3.497349,2.102348,3.736254,1.813133
432000,0.841909,0.823014,0.086792,0.060138,3.708513,2.374984,3.902921,2.174626,4.083081,1.984807,3.499483,2.104473,3.741205,1.812597
432320,0.851801,0.821964,0.085396,0.059790,3.708284,2.378588,3.904340,2.177283,4.086043,1.986783,3.501714,2.106475,3.746206,1.812071
432640,0.879078,0.820940,0.086322,0.062296,3.708492,2.382116,3.905882,2.179899,4.089060,1.988557,3.504010,2.108429,3.751090,1.811638
432960,0.938595,0.820209,0.087735,0.067542,3.709136,2.385534,3.907934,2.182104,4.092089,1.990189,3.506975,2.110119,3.754486,1.812096
433280,0.965378,0.819880,0.101016,0.079954,3.710257,2.388828,3.909448,2.184723,4.094971,1.992073,3.509446,2.111829,3.757711,1.814393
433600,0.966822,0.819736,0.091780,0.072739,3.711543,2.392058,3.911004,2.187324,4.097678,1.994221,3.512367,2.113592,3.760366,1.816833
433920,0.981890,0.819515,0.094669,0.076178,3.713089,2.395146,3.912500,2.189945,4.100202,1.996594,3.514458,2.115777,3.763966,1.819077
434240,0.978747,0.819597,0.092553,0.074244,3.714652,2.398216,3.913879,2.192617,4.102654,1.998960,3.517417,2.117550,3.766514,1.821940
434560,0.964279,0.819515,0.103245,0.081589,3.716464,2.401118,3.915691,2.195026,4.104994,2.001509,3.519392,2.119765,3.770341,1.824473
434880,0.962096,0.819495,0.107120,0.084457,3.718250,2.404025,3.917468,2.197463,4.107415,2.003920,3.521948,2.121925,3.773160,1.827025
435200,0.966415,0.819515,0.101859,0.080672,3.720255,2.406791,3.919206,2.199942,4.109722,2.006478,3.524182,2.123874,3.776397,1.829646
435520,0.966900,0.819565,0.108540,0.086011,3.722180,2.409590,3.920997,2.202373,4.112095,2.008963,3.526681,2.126065,3.779077,1.832386
435840,0.970530,0.819633,0.101036,0.080372,3.724282,2.412243,3.922907,2.204741,4.114360,2.011553,3.528932,2.128041,3.782174,1.835078
436160,0.978028,0.819667,0.099683,0.079912,3.726321,2.414939,3.924822,2.207109,4.116699,2.014048,3.531448,2.130205,3.784741,1.837599
436480,0.993499,0.819665,0.091463,0.074482,3.728547,2.417473,3.926980,2.209290,4.119026,2.016576,3.533715,2.132117,3.788305,1.839848
436800,0.998160,0.819860,0.105621,0.086435,3.730829,2.419982,3.929032,2.211581,4.121464,2.018952,3.536630,2.133863,3.791064,1.842623
437120,0.997276,0.819775,0.099487,0.081335,3.733088,2.422414,3.931045,2.213894,4.123838,2.021369,3.538475,2.136307,3.794242,1.844915
437440,0.988285,0.819932,0.102935,0.083411,3.735317,2.424890,3.933035,2.216241,4.126196,2.023884,3.541005,2.138248,3.797120,1.847719
437760,0.997976,0.820027,0.101446,0.083020,3.737636,2.427288,3.935117,2.218500,4.128570,2.026296,3.543519,2.140112,3.799814,1.850232
438080,0.988246,0.819973,0.096608,0.078285,3.739944,2.429651,3.937253,2.220715,4.130970,2.028715,3.545556,2.142391,3.803020,1.852443
438400,0.986583,0.820207,0.104978,0.084949,3.742303,2.432005,3.939246,2.223104,4.133356,2.031176,3.548376,2.144324,3.805863,1.855227
438720,0.986046,0.820200,0.095515,0.077248,3.744539,2.434415,3.941304,2.225416,4.135732,2.033586,3.550447,2.146632,3.808249,1.857789
439040,0.998804,0.820233,0.101093,0.082821,3.746849,2.436788,3.943502,2.227617,4.138068,2.036094,3.552582,2.148806,3.811373,1.860260
439360,0.989367,0.820367,0.099154,0.080477,3.749120,2.439143,3.945582,2.229904,4.140391,2.038521,3.554786,2.150926,3.813787,1.863224
439680,0.978009,0.820413,0.108520,0.087073,3.751342,2.441550,3.947745,2.232173,4.142769,2.040979,3.557043,2.153332,3.816580,1.865806
440000,0.997945,0.820456,0.090664,0.074233,3.753638,2.443887,3.949809,2.234525,4.145051,2.043456,3.559282,2.155462,3.819243,1.868203
440320,0.990079,0.820561,0.100063,0.081293,3.755893,2.446239,3.951981,2.236758,4.147381,2.045915,3.561707,2.157416,3.821990,1.870789
440640,0.978664,0.820609,0.092903,0.074610,3.758173,2.448573,3.954197,2.238987,4.149768,2.048337,3.563828,2.159593,3.824228,1.873539
440960,0.972125,0.820614,0.096461,0.076951,3.760446,2.450904,3.956201,2.241369,4.151892,2.050907,3.565447,2.162323,3.824419,1.876499
441280,0.967396,0.820357,0.096735,0.076770,3.762300,2.453543,3.957902,2.243969,4.153753,2.053675,3.566000,2.165540,3.825965,1.879156
441600,0.990979,0.820133,0.106557,0.086603,3.763868,2.456358,3.959738,2.246506,4.155814,2.056329,3.567254,2.168314,3.828645,1.881663
441920,0.920362,0.820363,0.089901,0.067878,3.765786,2.458936,3.961676,2.248934,4.157761,2.058996,3.570089,2.170159,3.828803,1.884620
442240,0.991412,0.820369,0.099687,0.081078,3.767742,2.461519,3.963273,2.251608,4.159309,2.061872,3.571314,2.173103,3.828858,1.887587
442560,0.945375,0.820067,0.099007,0.076757,3.769278,2.464333,3.964883,2.254283,4.160958,2.064730,3.571855,2.176322,3.831639,1.889878
442880,0.991310,0.819709,0.101250,0.082274,3.770715,2.467177,3.966772,2.256795,4.163087,2.067255,3.573289,2.178986,3.834631,1.891723
443200,0.998185,0.819970,0.096618,0.079080,3.772661,2.469713,3.968795,2.259196,4.165184,2.069791,3.576337,2.180720,3.836311,1.894575
443520,0.997307,0.819812,0.098191,0.080281,3.774734,2.472176,3.970884,2.261582,4.167363,2.072298,3.578193,2.183280,3.839543,1.896426
443840,0.980640,0.820107,0.089847,0.072258,3.776929,2.474528,3.973011,2.263903,4.169555,2.074695,3.581487,2.184826,3.841326,1.899077
444160,0.952040,0.820199,0.095242,0.074371,3.779267,2.476706,3.975115,2.266221,4.171608,2.077231,3.583351,2.187381,3.842205,1.901892
444480,0.988764,0.820053,0.098021,0.079479,3.781164,2.479257,3.976791,2.268867,4.173278,2.079976,3.584022,2.190565,3.842189,1.904893
444800,0.952232,0.819734,0.104382,0.081478,3.782575,2.482100,3.978343,2.271604,4.174927,2.082796,3.584485,2.193813,3.844775,1.907288
445120,0.974179,0.819581,0.094056,0.075096,3.783968,2.484934,3.980118,2.274198,4.176931,2.085343,3.586205,2.196264,3.847111,1.909754
445440,0.985025,0.819797,0.106001,0.085598,3.785897,2.487480,3.982060,2.276695,4.178837,2.087992,3.589046,2.198184,3.849573,1.912268
445760,0.981397,0.819676,0.103285,0.083086,3.787856,2.489966,3.984072,2.279097,4.181127,2.090250,3.591434,2.200449,3.852299,1.914063
446080,0.979110,0.819826,0.094336,0.075723,3.790067,2.492270,3.986192,2.281445,4.183304,2.092655,3.593741,2.202567,3.853248,1.917068
446400,0.987998,0.819755,0.098237,0.079564,3.792048,2.494767,3.987967,2.284028,4.185000,2.095371,3.594724,2.205681,3.854055,1.919964
446720,0.995344,0.819472,0.102886,0.083919,3.793605,2.497524,3.989710,2.286681,4.186841,2.098044,3.595617,2.208740,3.857001,1.922217
447040,0.959418,0.819618,0.093369,0.073422,3.795350,2.500155,3.991567,2.289203,4.188741,2.100617,3.598014,2.210755,3.858303,1.925145
447360,0.987178,0.819695,0.096385,0.077993,3.797313,2.502634,3.993304,2.291814,4.190207,2.103446,3.599484,2.213624,3.857870,1.928132
447680,0.967345,0.819549,0.096331,0.076370,3.798808,2.505419,3.994777,2.294580,4.191562,2.106330,3.600141,2.216833,3.859566,1.930842
448000,0.993254,0.819135,0.099773,0.081177,3.800089,2.508298,3.996460,2.297248,4.193533,2.108852,3.601293,2.219723,3.862600,1.932579
448320,0.993301,0.819392,0.094466,0.076886,3.801880,2.510905,3.998404,2.299749,4.195597,2.111281,3.604341,2.221487,3.864282,1.935538
448640,0.990401,0.819351,0.089644,0.072745,3.803921,2.513297,4.000424,2.302168,4.197546,2.113821,3.606292,2.223982,3.867372,1.937530
448960,0.993375,0.819551,0.097428,0.079318,3.806020,2.515692,4.002474,2.304596,4.199661,2.116272,3.609147,2.225830,3.869493,1.940102
449280,0.991425,0.819511,0.089564,0.072769,3.808017,2.518104,4.004325,2.307107,4.201613,2.118767,3.611026,2.228363,3.872366,1.942220
449600,0.970187,0.819722,0.097518,0.077554,3.810103,2.520518,4.006354,2.309560,4.203733,2.121234,3.613820,2.230274,3.874338,1.944953
449920,0.982553,0.819816,0.093643,0.075430,3.812095,2.522930,4.008034,2.312175,4.205362,2.123905,3.615466,2.232967,3.874044,1.947944
450240,0.975031,0.819709,0.103832,0.082987,3.813670,2.525661,4.009459,2.314974,4.206689,2.126789,3.616046,2.236196,3.875430,1.950842
450560,0.985555,0.819231,0.093079,0.075152,3.814993,2.528497,4.011139,2.317639,4.208604,2.129341,3.616831,2.239286,3.878599,1.952497
450880,0.970574,0.819437,0.100696,0.080086,3.816693,2.531139,4.013092,2.320127,4.210785,2.131695,3.619476,2.241275,3.880557,1.955795
451200,0.978410,0.819618,0.094612,0.075872,3.818772,2.533526,4.015007,2.322611,4.212398,2.134405,3.621498,2.243765,3.880382,1.958778
451520,0.977592,0.819586,0.103905,0.083251,3.820500,2.536142,4.016575,2.325324,4.213742,2.137263,3.622362,2.246971,3.881935,1.961606
451840,0.981727,0.819116,0.090660,0.072904,3.821920,2.538954,4.018284,2.327956,4.215683,2.139781,3.623399,2.250019,3.884975,1.963050
452160,0.965197,0.819276,0.090987,0.071949,3.823671,2.541551,4.020266,2.330400,4.217955,2.142035,3.626220,2.251884,3.887042,1.966002
452480,0.984249,0.819414,0.094849,0.076496,3.825779,2.543889,4.022223,2.332847,4.219795,2.144617,3.628424,2.254168,3.888951,1.968534
452800,0.991594,0.819327,0.101619,0.082560,3.827715,2.546354,4.024230,2.335282,4.221867,2.147057,3.630188,2.256692,3.891834,1.970799
453120,0.930536,0.819579,0.092270,0.070369,3.829847,2.548679,4.026165,2.337735,4.223617,2.149663,3.632638,2.258800,3.892227,1.973710
453440,0.995925,0.819681,0.098207,0.080171,3.831769,2.551138,4.027792,2.340409,4.224925,2.152514,3.633958,2.261684,3.892507,1.976660
453760,0.948362,0.819461,0.096871,0.075283,3.833284,2.553871,4.029402,2.343098,4.226541,2.155233,3.634861,2.264815,3.895516,1.978880
454080,0.994179,0.819070,0.100560,0.081886,3.834767,2.556629,4.031302,2.345607,4.228781,2.157506,3.636370,2.267460,3.898559,1.980590
454400,0.980035,0.819407,0.089518,0.071887,3.836775,2.559036,4.033284,2.348041,4.230796,2.159939,3.639370,2.268909,3.900011,1.983690
454720,0.969970,0.819546,0.088705,0.070514,3.839081,2.561135,4.035381,2.350372,4.232722,2.162432,3.641770,2.270869,3.902884,1.985734
455040,0.994916,0.819241,0.098611,0.080375,3.841176,2.563473,4.037529,2.352671,4.235222,2.164427,3.643633,2.273338,3.906066,1.987264
455360,0.975762,0.819539,0.090031,0.071995,3.843366,2.565709,4.039628,2.355006,4.237391,2.166729,3.646494,2.274938,3.907560,1.990299
455680,0.962702,0.819815,0.090194,0.071184,3.845613,2.567881,4.041600,2.357424,4.239161,2.169332,3.648883,2.276766,3.908118,1.993204
456000,0.947168,0.820126,0.091450,0.071038,3.847810,2.570077,4.043490,2.359895,4.240722,2.172046,3.651146,2.278733,3.908815,1.996146
456320,0.994279,0.820401,0.095785,0.078133,3.849921,2.572373,4.045309,2.362424,4.242193,2.174816,3.653263,2.280901,3.909491,1.999074
456640,0.963173,0.820365,0.102662,0.081119,3.851852,2.574831,4.047160,2.364954,4.243896,2.177480,3.654707,2.283813,3.912163,2.001416
456960,0.908105,0.819644,0.087358,0.065023,3.853469,2.577493,4.049156,2.367352,4.246332,2.179509,3.655693,2.286879,3.916440,2.002059
457280,0.993920,0.818953,0.089381,0.072754,3.855189,2.580092,4.051433,2.369474,4.249090,2.181028,3.657334,2.289428,3.919704,2.002780
457600,0.976439,0.819310,0.087092,0.069674,3.857384,2.582326,4.053718,2.371643,4.251554,2.183031,3.660690,2.290932,3.921736,2.005951
457920,0.982305,0.819485,0.097078,0.078146,3.859767,2.584324,4.055986,2.373802,4.253728,2.185340,3.663133,2.292923,3.924892,2.008291
458240,0.985441,0.819398,0.101299,0.081796,3.862016,2.586485,4.058314,2.375884,4.256192,2.187344,3.665630,2.295093,3.927898,2.009970
458560,0.982796,0.819516,0.091217,0.073468,3.864370,2.588555,4.060603,2.378036,4.258535,2.189517,3.668009,2.297099,3.930395,2.012511
458880,0.983330,0.819477,0.102682,0.082743,3.866587,2.590787,4.062845,2.380219,4.260917,2.191624,3.670413,2.299339,3.933364,2.014475
459200,0.991673,0.819768,0.090137,0.073276,3.869086,2.592737,4.065130,2.382342,4.263088,2.193911,3.673372,2.300945,3.935403,2.016920
459520,0.996644,0.819513,0.087155,0.071185,3.871425,2.594810,4.067479,2.384418,4.265610,2.195832,3.675353,2.303317,3.938449,2.018296
459840,0.997732,0.819821,0.087578,0.071636,3.873934,2.596728,4.069898,2.386381,4.268077,2.197807,3.678690,2.304822,3.940586,2.020810
460160,0.999204,0.819667,0.091244,0.074730,3.876401,2.598668,4.072316,2.388360,4.270529,2.199811,3.680634,2.307274,3.943578,2.022418
460480,0.945590,0.819951,0.088971,0.068983,3.878805,2.600677,4.074618,2.390456,4.272819,2.201993,3.683476,2.309091,3.944722,2.025311
460800,0.947878,0.819977,0.089094,0.069248,3.880990,2.602924,4.076475,2.392893,4.274384,2.204639,3.684805,2.312010,3.943588,2.028131
461120,0.985202,0.819870,0.096611,0.078037,3.882526,2.605623,4.077860,2.395659,4.275434,2.207552,3.685122,2.315284,3.943991,2.031076
461440,0.935233,0.819478,0.097831,0.074978,3.883636,2.608527,4.079386,2.398374,4.277058,2.210260,3.685472,2.318546,3.947245,2.033300
461760,0.984118,0.819212,0.100130,0.080725,3.884991,2.611322,4.081289,2.400856,4.279259,2.212516,3.687057,2.321086,3.949772,2.035633
462080,0.998932,0.819486,0.098677,0.080778,3.886943,2.613763,4.083223,2.403303,4.281163,2.215028,3.689773,2.323122,3.951020,2.038625
462400,0.996999,0.819324,0.099593,0.081354,3.888757,2.616286,4.085134,2.405767,4.283137,2.217515,3.691280,2.325898,3.953963,2.040730
462720,0.943039,0.819643,0.091257,0.070537,3.890819,2.618642,4.087152,2.408130,4.285006,2.220004,3.694176,2.327691,3.955283,2.043603
463040,0.965007,0.819809,0.090734,0.071781,3.892926,2.620921,4.088938,2.410630,4.286326,2.222789,3.695827,2.330386,3.954393,2.046483
463360,0.983517,0.819731,0.096421,0.077737,3.894407,2.623629,4.090231,2.413450,4.287374,2.225697,3.696278,2.333636,3.955060,2.049403
463680,0.933307,0.819350,0.098014,0.074952,3.895494,2.626537,4.091712,2.416185,4.289047,2.228361,3.696782,2.336879,3.958642,2.051539
464000,0.980973,0.819094,0.098714,0.079317,3.896885,2.629310,4.093565,2.418655,4.291235,2.230575,3.698578,2.339300,3.961181,2.053652
464320,0.998605,0.819429,0.097721,0.079964,3.898933,2.631680,4.095484,2.421123,4.293100,2.233093,3.701450,2.341167,3.962509,2.056625
464640,0.994046,0.819256,0.098607,0.080304,3.900742,2.634192,4.097353,2.423612,4.295091,2.235542,3.702911,2.343992,3.965517,2.058724
464960,0.960283,0.819406,0.092083,0.072457,3.902654,2.636633,4.099230,2.426067,4.296972,2.238005,3.705193,2.346017,3.966879,2.061543
465280,0.994457,0.819545,0.098021,0.079887,3.904646,2.639009,4.100914,2.428649,4.298349,2.240779,3.706632,2.348905,3.967242,2.064512
465600,0.978718,0.819264,0.090627,0.072667,3.906087,2.641755,4.102503,2.431305,4.300051,2.243388,3.707484,2.352020,3.969967,2.066683
465920,0.969718,0.819330,0.093426,0.074229,3.907686,2.644397,4.104319,2.433847,4.302028,2.245857,3.709753,2.354113,3.971843,2.069444
466240,0.979039,0.819542,0.093266,0.074833,3.909695,2.646748,4.106061,2.436373,4.303372,2.248619,3.711591,2.356730,3.971489,2.072409
466560,0.977891,0.819480,0.101033,0.080964,3.911145,2.649486,4.107398,2.439155,4.304570,2.251472,3.712302,2.359913,3.972767,2.075282
466880,0.984783,0.819016,0.093812,0.075665,3.912277,2.652370,4.108966,2.441837,4.306465,2.253971,3.713198,2.362954,3.975894,2.076962
467200,0.979186,0.819245,0.089991,0.072190,3.913926,2.654986,4.110754,2.444353,4.308465,2.256349,3.716055,2.364832,3.977731,2.079905
467520,0.975562,0.819332,0.102083,0.081595,3.915976,2.657315,4.112713,2.446758,4.310322,2.258854,3.718207,2.367165,3.980438,2.082177
467840,0.979349,0.819382,0.088141,0.070730,3.917948,2.659696,4.114663,2.449148,4.312568,2.261023,3.720826,2.369142,3.982769,2.084455
468160,0.960096,0.819572,0.092986,0.073168,3.920039,2.662016,4.116489,2.451639,4.314193,2.263663,3.722844,2.371528,3.982795,2.087386
468480,0.982810,0.819534,0.095865,0.077214,3.921586,2.664686,4.117836,2.454395,4.315318,2.266516,3.723550,2.374708,3.983603,2.090263
468800,0.964950,0.819092,0.091047,0.071962,3.922741,2.667568,4.119302,2.457119,4.317069,2.269110,3.724142,2.377863,3.986827,2.092119
469120,0.960812,0.819065,0.099097,0.077986,3.924249,2.670238,4.121227,2.459529,4.319311,2.271254,3.726501,2.380166,3.989021,2.094746
469440,0.899341,0.819580,0.090474,0.066687,3.926527,2.672382,4.123171,2.461924,4.320917,2.273898,3.729496,2.381723,3.989043,2.098006
469760,0.994205,0.819748,0.096358,0.078532,3.928438,2.674793,4.124592,2.464613,4.321830,2.276821,3.730639,2.384688,3.988923,2.100942
470080,0.947266,0.819512,0.100436,0.077968,3.929650,2.677641,4.125916,2.467406,4.323160,2.279642,3.731082,2.387931,3.991653,2.103383
470400,0.993555,0.818958,0.091200,0.074208,3.930844,2.680497,4.127684,2.469927,4.325315,2.281879,3.732228,2.390800,3.994984,2.104701
470720,0.983322,0.819289,0.094269,0.075945,3.932790,2.682925,4.129657,2.472339,4.327392,2.284242,3.735282,2.392528,3.996733,2.107785
471040,0.968052,0.819358,0.100496,0.079712,3.934796,2.685258,4.131488,2.474814,4.329131,2.286820,3.737144,2.395092,3.999321,2.110116
471360,0.981745,0.819357,0.089781,0.072220,3.936677,2.687700,4.133531,2.477123,4.331295,2.289066,3.739394,2.397225,4.001653,2.112512
471680,0.957657,0.819509,0.092013,0.072213,3.938800,2.689957,4.135341,2.479602,4.332995,2.291652,3.741234,2.399796,4.001601,2.115458
472000,0.983648,0.819453,0.096115,0.077474,3.940311,2.692651,4.136655,2.482362,4.334112,2.294513,3.741865,2.402980,4.002346,2.118347
472320,0.989253,0.819097,0.099324,0.080481,3.941392,2.695539,4.138059,2.485104,4.335824,2.297116,3.742616,2.406052,4.005317,2.120456
472640,0.943751,0.819325,0.088331,0.068301,3.942960,2.698197,4.139643,2.487715,4.337559,2.299664,3.745269,2.407998,4.006704,2.123341
472960,0.996080,0.819607,0.098041,0.080040,3.944902,2.700624,4.141317,2.490293,4.338808,2.302492,3.747272,2.410417,4.007253,2.126312
473280,0.995325,0.819506,0.095279,0.077716,3.946376,2.703312,4.142741,2.493007,4.340196,2.305244,3.748072,2.413542,4.008335,2.129127
473600,0.954097,0.819229,0.101203,0.079103,3.947490,2.706177,4.144074,2.495791,4.341671,2.307969,3.748612,2.416746,4.010702,2.131564
473920,0.969716,0.819098,0.091840,0.072948,3.948751,2.708980,4.145557,2.498469,4.343610,2.310371,3.750360,2.419173,4.012908,2.134032
474240,0.945867,0.819507,0.094066,0.072914,3.950717,2.711393,4.147399,2.500930,4.344986,2.313140,3.753176,2.421075,4.013178,2.136992
474560,0.987601,0.819578,0.095838,0.077573,3.952396,2.713939,4.148812,2.503617,4.346121,2.315984,3.754230,2.424078,4.013837,2.139910
474880,0.934323,0.819165,0.098391,0.075305,3.953555,2.716799,4.150194,2.506373,4.347780,2.318596,3.754837,2.427269,4.017059,2.141737
475200,0.980681,0.818903,0.098501,0.079104,3.954880,2.719547,4.151928,2.508851,4.350074,2.320662,3.756783,2.429640,4.019639,2.143773
475520,0.995247,0.819432,0.089501,0.072991,3.957178,2.721629,4.154073,2.511073,4.351906,2.323159,3.760237,2.430933,4.021028,2.146692
475840,0.956245,0.819323,0.095785,0.075045,3.959436,2.723730,4.156151,2.513352,4.354046,2.325407,3.762007,2.433581,4.024502,2.148397
476160,0.968062,0.819330,0.099230,0.078706,3.961383,2.726110,4.158094,2.515694,4.356279,2.327527,3.764764,2.435670,4.027164,2.150277
476480,0.916140,0.819813,0.089568,0.067271,3.963825,2.728075,4.160252,2.517885,4.358200,2.329951,3.767905,2.436952,4.027876,2.153336
476800,0.990421,0.819952,0.094572,0.076802,3.965991,2.730257,4.162014,2.520361,4.359607,2.332640,3.769178,2.439826,4.028107,2.156297
477120,0.988013,0.819773,0.095628,0.077454,3.967406,2.732967,4.163417,2.523064,4.360976,2.335380,3.769543,2.443056,4.028965,2.159225
477440,0.983845,0.819518,0.095402,0.076920,3.968412,2.735875,4.164642,2.525867,4.362245,2.338183,3.769738,2.446313,4.029905,2.162112
477760,0.967228,0.819077,0.089171,0.070644,3.969224,2.738837,4.165975,2.528632,4.363770,2.340846,3.770144,2.449488,4.032791,2.164097
478080,0.960200,0.819158,0.107697,0.084710,3.970570,2.741582,4.167645,2.531204,4.365745,2.343253,3.772436,2.451826,4.034853,2.167027
478400,0.962999,0.819462,0.087255,0.068857,3.972555,2.743944,4.169364,2.533746,4.367021,2.346028,3.774669,2.453901,4.034585,2.169965
478720,0.988882,0.819521,0.096788,0.078438,3.974017,2.746648,4.170543,2.536568,4.367822,2.348985,3.775442,2.457030,4.035119,2.172914
479040,0.911258,0.819146,0.093633,0.069892,3.974979,2.749570,4.171726,2.539375,4.369302,2.351671,3.775932,2.460220,4.038278,2.174898
479360,0.984512,0.818792,0.097511,0.078605,3.976089,2.752432,4.173354,2.541938,4.371574,2.353739,3.777545,2.462731,4.040829,2.176981
479680,0.996988,0.819296,0.090224,0.073697,3.978258,2.754630,4.175399,2.544218,4.373304,2.356293,3.780858,2.464304,4.042158,2.179934
480000,0.980462,0.819139,0.088028,0.070698,3.980388,2.756836,4.177413,2.546537,4.375401,2.358575,3.782557,2.466936,4.045217,2.181620
480320,0.973612,0.819259,0.087532,0.069819,3.982333,2.759191,4.179384,2.548848,4.377584,2.360730,3.785304,2.468807,4.047489,2.184014
480640,0.979401,0.819392,0.100616,0.080746,3.984534,2.761368,4.181409,2.551159,4.379450,2.363164,3.787437,2.471117,4.049837,2.186403
480960,0.969252,0.819441,0.087625,0.069596,3.986538,2.763685,4.183494,2.553392,4.381673,2.365312,3.789974,2.473167,4.051909,2.188702
481280,0.944572,0.819657,0.089441,0.069247,3.988768,2.765844,4.185356,2.555823,4.383240,2.367923,3.791863,2.475632,4.051599,2.191664
481600,0.984461,0.819624,0.094725,0.076433,3.990319,2.768452,4.186696,2.558538,4.384213,2.370788,3.792329,2.478803,4.052098,2.194604
481920,0.967212,0.819201,0.089054,0.070561,3.991295,2.771358,4.187985,2.561287,4.385734,2.373426,3.792727,2.481971,4.055000,2.196553
482240,0.963267,0.819242,0.106621,0.084140,3.992707,2.774056,4.189889,2.563678,4.387784,2.375766,3.794939,2.484331,4.057075,2.199439
482560,0.962562,0.819483,0.087718,0.069192,3.994778,2.776343,4.191735,2.566110,4.389367,2.378376,3.797140,2.486459,4.056839,2.202397
482880,0.987036,0.819519,0.096148,0.077774,3.996302,2.778995,4.192935,2.568915,4.390237,2.381294,3.797816,2.489584,4.057408,2.205346
483200,0.938306,0.819118,0.088984,0.068392,3.997211,2.781908,4.194061,2.571719,4.391715,2.383984,3.798250,2.492754,4.060352,2.207273
483520,0.972019,0.818967,0.094199,0.074987,3.998161,2.784796,4.195319,2.574486,4.393685,2.386374,3.799805,2.495309,4.062407,2.210010
483840,0.955632,0.819365,0.090957,0.071220,4.000051,2.787228,4.196968,2.577035,4.395121,2.389080,3.802414,2.497326,4.062342,2.213255
484160,0.983191,0.819434,0.094762,0.076346,4.001653,2.789803,4.198353,2.579730,4.396059,2.391977,3.803293,2.500342,4.063105,2.216147
484480,0.958013,0.818984,0.088668,0.069569,4.002721,2.792686,4.199626,2.582484,4.397662,2.394587,3.803845,2.503454,4.066061,2.217838
484800,0.968119,0.819006,0.105834,0.083916,4.004100,2.795397,4.201455,2.584929,4.399625,2.396915,3.806086,2.505817,4.068391,2.220493
485120,0.994530,0.819430,0.092440,0.075333,4.006400,2.797465,4.203542,2.587154,4.401228,2.399521,3.808994,2.507427,4.069786,2.223140
485440,0.965942,0.819127,0.084336,0.066729,4.008474,2.799681,4.205569,2.589423,4.403391,2.401656,3.810495,2.510178,4.073205,2.224419
485760,0.952045,0.819299,0.100117,0.078092,4.010418,2.802042,4.207583,2.591685,4.405900,2.403466,3.813879,2.511965,4.075658,2.226859
486080,0.954822,0.819676,0.087108,0.068175,4.012911,2.803898,4.209785,2.593781,4.407701,2.405931,3.816438,2.513521,4.075840,2.229791
486400,0.988965,0.819817,0.095532,0.077454,4.014892,2.806211,4.211289,2.596386,4.408678,2.408783,3.817343,2.516554,4.075931,2.232780
486720,0.933156,0.819492,0.098854,0.075595,4.016041,2.809044,4.212574,2.599152,4.410067,2.411497,3.817621,2.519764,4.078572,2.235058
487040,0.992155,0.819012,0.097338,0.079095,4.017204,2.811861,4.214372,2.601593,4.412258,2.413602,3.818846,2.522524,4.081465,2.236753
487360,0.954246,0.819328,0.089491,0.069968,4.019174,2.814192,4.216289,2.603966,4.414233,2.415912,3.821627,2.524384,4.082510,2.239909
487680,0.974500,0.819432,0.094819,0.075716,4.021055,2.816624,4.217974,2.606482,4.415518,2.418676,3.822890,2.527244,4.082968,2.242855
488000,0.997021,0.819323,0.091770,0.074965,4.022346,2.819352,4.219284,2.609198,4.416681,2.421471,3.823386,2.530395,4.083511,2.245817
488320,0.982293,0.819159,0.094252,0.075841,4.023169,2.822271,4.220326,2.612042,4.417620,2.424348,3.823678,2.533588,4.084616,2.248653
488640,0.989616,0.818914,0.099727,0.080820,4.023926,2.825194,4.221471,2.614834,4.419077,2.427017,3.824555,2.536529,4.087127,2.250978
488960,0.973608,0.819256,0.093809,0.074825,4.025473,2.827835,4.222898,2.617505,4.420409,2.429749,3.827289,2.538357,4.087911,2.253868
489280,0.993740,0.819457,0.094259,0.076758,4.027306,2.830258,4.224427,2.620114,4.421565,2.432553,3.828835,2.541049,4.088597,2.256785
489600,0.993531,0.819366,0.094172,0.076662,4.028606,2.833003,4.225666,2.622854,4.422687,2.435374,3.829385,2.544180,4.089428,2.259680
489920,0.987663,0.819184,0.094416,0.076390,4.029448,2.835907,4.226748,2.625676,4.423813,2.438191,3.829738,2.547359,4.090175,2.262626
490240,0.958801,0.818941,0.091673,0.071982,4.030170,2.838844,4.227792,2.628518,4.424944,2.441007,3.830163,2.550506,4.092083,2.265104
490560,0.960467,0.818848,0.092166,0.072487,4.031159,2.841707,4.229028,2.631280,4.426646,2.443538,3.831842,2.552953,4.094055,2.267629
490880,0.992694,0.819314,0.095269,0.077485,4.033007,2.844157,4.230469,2.633949,4.427753,2.446366,3.834625,2.554830,4.094935,2.270488
491200,0.954646,0.819250,0.099024,0.077446,4.034682,2.846675,4.231944,2.636583,4.429271,2.448998,3.835809,2.557764,4.097416,2.272830
491520,0.989619,0.818851,0.095082,0.077050,4.036087,2.849386,4.233777,2.638986,4.431498,2.451093,3.837423,2.560280,4.100123,2.274403
491840,0.942388,0.819303,0.086592,0.066858,4.038262,2.851521,4.235835,2.641211,4.433516,2.453368,3.840670,2.561827,4.101221,2.277532
492160,0.990997,0.819535,0.094556,0.076794,4.040361,2.853723,4.237342,2.643773,4.434663,2.456145,3.842062,2.564580,4.101195,2.280524
492480,0.938124,0.819343,0.098511,0.075720,4.041513,2.856511,4.238430,2.646579,4.435845,2.458974,3.842527,2.567739,4.103716,2.282887
492800,0.992822,0.818871,0.096798,0.078696,4.042615,2.859349,4.240151,2.649068,4.437953,2.461175,3.843863,2.570440,4.106429,2.284438
493120,0.994836,0.819211,0.091420,0.074506,4.044579,2.861673,4.242011,2.651446,4.439895,2.463478,3.846729,2.572203,4.107857,2.287509
493440,0.946140,0.819287,0.090997,0.070537,4.046503,2.864039,4.243783,2.653882,4.441385,2.466101,3.848112,2.574999,4.108323,2.290397
493760,0.986841,0.819255,0.093433,0.075538,4.047810,2.866749,4.244870,2.656667,4.442183,2.468995,3.848517,2.578134,4.108665,2.293341
494080,0.951024,0.818929,0.089851,0.069978,4.048521,2.869691,4.245845,2.659522,4.443485,2.471744,3.849059,2.581199,4.111436,2.295373
494400,0.947859,0.819112,0.104688,0.081280,4.049716,2.872462,4.247370,2.662142,4.445393,2.474149,3.851776,2.583318,4.113442,2.298325
494720,0.947768,0.819512,0.086272,0.067008,4.051958,2.874558,4.249256,2.664505,4.446678,2.476910,3.854139,2.585197,4.113129,2.301274
495040,0.986295,0.819626,0.094755,0.076600,4.053553,2.877118,4.250300,2.667316,4.447377,2.479859,3.854845,2.588267,4.113625,2.304209
495360,0.907847,0.819246,0.093026,0.069188,4.054389,2.880028,4.251310,2.670172,4.448731,2.482569,3.855150,2.591408,4.116768,2.306184
495680,0.985238,0.818891,0.097861,0.078954,4.055361,2.882898,4.252977,2.672699,4.450778,2.484766,3.856544,2.594049,4.119311,2.308253
496000,0.991045,0.819318,0.090664,0.073617,4.057343,2.885205,4.254837,2.675072,4.452465,2.487288,3.859540,2.595714,4.120342,2.311297
496320,0.973635,0.819470,0.089751,0.071609,4.059327,2.887512,4.256520,2.677566,4.453657,2.490040,3.860856,2.598539,4.120317,2.314232
496640,0.977502,0.819385,0.092333,0.073954,4.060331,2.890364,4.257404,2.680434,4.454410,2.492964,3.861119,2.601691,4.121093,2.317125
496960,0.946388,0.818946,0.088331,0.068460,4.060965,2.893312,4.258403,2.683275,4.455910,2.495577,3.861625,2.604761,4.124254,2.318897
497280,0.954097,0.819120,0.104535,0.081696,4.062086,2.896098,4.259687,2.686013,4.457673,2.498058,3.864286,2.606869,4.126486,2.321635
497600,0.986060,0.819471,0.093016,0.075161,4.064246,2.898274,4.261558,2.688390,4.459130,2.500697,3.866657,2.608762,4.127479,2.324482
497920,0.994537,0.819515,0.093243,0.075996,4.066065,2.900701,4.262967,2.691023,4.460336,2.503403,3.867521,2.611776,4.127620,2.327474
498240,0.931353,0.819267,0.090990,0.069428,4.066970,2.903593,4.263968,2.693885,4.461414,2.506201,3.867845,2.614932,4.129834,2.329831
498560,0.978761,0.819041,0.093019,0.074569,4.067981,2.906445,4.265541,2.696455,4.463315,2.508543,3.869345,2.617518,4.132073,2.332192
498880,0.923850,0.819384,0.089964,0.068102,4.069817,2.908872,4.267220,2.698960,4.464812,2.511167,3.871783,2.619571,4.132187,2.335428
499200,0.991728,0.819457,0.093276,0.075803,4.071237,2.911504,4.268191,2.701804,4.465511,2.514075,3.872471,2.622631,4.132142,2.338386
499520,0.929355,0.819208,0.098134,0.074713,4.072032,2.914430,4.269094,2.704679,4.466483,2.516951,3.872720,2.625803,4.134734,2.340652
499840,0.979175,0.819024,0.098970,0.079371,4.073035,2.917295,4.270600,2.707290,4.468372,2.519345,3.874262,2.628355,4.137105,2.343124
500160,0.980003,0.819324,0.094286,0.075706,4.074946,2.919666,4.272249,2.709842,4.469985,2.521911,3.876807,2.630378,4.137458,2.346073
500480,0.987117,0.819355,0.091180,0.073746,4.076674,2.922141,4.273918,2.712349,4.471201,2.524656,3.877743,2.633375,4.137933,2.349023
500800,0.964878,0.819277,0.097661,0.077201,4.077652,2.924976,4.274753,2.715227,4.472061,2.527560,3.878110,2.636514,4.139431,2.351837
501120,0.990395,0.818947,0.097388,0.078989,4.078374,2.927908,4.275923,2.718001,4.473638,2.530144,3.879174,2.639353,4.142331,2.353696
501440,0.925228,0.819304,0.087961,0.066679,4.080147,2.930382,4.277721,2.720408,4.475368,2.532617,3.882228,2.640998,4.143259,2.356644
501760,0.988312,0.819636,0.093649,0.075861,4.082189,2.932602,4.279179,2.723037,4.476201,2.535455,3.883791,2.643584,4.143083,2.359647
502080,0.934837,0.819447,0.089961,0.068914,4.083231,2.935449,4.279900,2.725941,4.477269,2.538287,3.884200,2.646722,4.145303,2.361987
502400,0.991821,0.819001,0.098864,0.080307,4.084152,2.938344,4.281530,2.728494,4.479373,2.540477,3.885417,2.649486,4.148201,2.363850
502720,0.995484,0.819302,0.092203,0.075201,4.086035,2.940717,4.283270,2.730951,4.481118,2.542908,3.888141,2.651350,4.149683,2.366674
503040,0.996851,0.819156,0.090534,0.073928,4.087925,2.943094,4.285198,2.733272,4.483029,2.545281,3.889763,2.653992,4.152726,2.368479
503360,0.939214,0.819443,0.087528,0.067365,4.089998,2.945340,4.287137,2.735598,4.485162,2.547418,3.892811,2.655559,4.154222,2.371271
503680,0.992519,0.819748,0.091977,0.074834,4.092155,2.947454,4.288864,2.738012,4.486172,2.550187,3.894363,2.658163,4.153960,2.374267
504000,0.939058,0.819536,0.090480,0.069633,4.093209,2.950259,4.289824,2.740866,4.487322,2.552999,3.894664,2.661310,4.155743,2.376798
504320,0.986096,0.818936,0.091467,0.073864,4.093986,2.953185,4.291363,2.743464,4.489333,2.555241,3.895372,2.664298,4.158886,2.378348
504640,0.940443,0.819223,0.086279,0.066472,4.095707,2.955677,4.293287,2.745775,4.491342,2.557471,3.898146,2.666157,4.160329,2.381600
504960,0.952426,0.819579,0.088978,0.069455,4.097977,2.957729,4.295192,2.748136,4.492453,2.560301,3.900120,2.668477,4.159627,2.384521
505280,0.973981,0.819570,0.092010,0.073447,4.099387,2.960355,4.296081,2.750995,4.493289,2.563202,3.900509,2.671597,4.160487,2.387378
505600,0.954620,0.819035,0.087212,0.068188,4.099990,2.963315,4.297395,2.753734,4.495037,2.565681,3.900892,2.674705,4.163834,2.389214
505920,0.959912,0.818938,0.095109,0.074766,4.101416,2.965969,4.299340,2.756036,4.497345,2.567639,3.903172,2.677022,4.165970,2.391710
506240,0.886100,0.819451,0.086046,0.062479,4.103800,2.967906,4.301388,2.758243,4.499037,2.570166,3.906086,2.678566,4.165960,2.394912
506560,0.993593,0.819633,0.093426,0.076084,4.105732,2.970202,4.302739,2.760904,4.499827,2.573046,3.907028,2.681501,4.165792,2.397849
506880,0.934545,0.819348,0.090227,0.069089,4.106581,2.973098,4.303743,2.763757,4.500912,2.575874,3.907236,2.684645,4.168185,2.400134
507200,0.980815,0.818680,0.088191,0.070815,4.107537,2.975945,4.305569,2.766177,4.503212,2.577824,3.908290,2.687502,4.171576,2.401302
507520,0.939908,0.819009,0.084623,0.065142,4.109395,2.978332,4.307613,2.768391,4.505430,2.579875,3.911554,2.689029,4.173368,2.404363
507840,0.965873,0.819412,0.092323,0.073069,4.111845,2.980142,4.309664,2.770553,4.506932,2.582497,3.913754,2.691101,4.174224,2.407238
508160,0.995700,0.819426,0.089304,0.072864,4.113381,2.982728,4.310725,2.773328,4.507801,2.585365,3.914344,2.694172,4.173791,2.410194
508480,0.943188,0.819280,0.096845,0.074835,4.113857,2.985693,4.311222,2.776295,4.508354,2.588329,3.914333,2.697344,4.175566,2.412859
508800,0.984836,0.818774,0.091677,0.073924,4.114512,2.988622,4.312776,2.778914,4.510080,2.590808,3.915154,2.700303,4.178508,2.414436
509120,0.933169,0.819136,0.087328,0.066753,4.116090,2.991201,4.314389,2.781473,4.511936,2.593211,3.918201,2.702019,4.179918,2.417647
509440,0.964359,0.819487,0.091883,0.072613,4.118363,2.993230,4.316194,2.783875,4.513288,2.595912,3.920218,2.704232,4.180258,2.420607
509760,0.979879,0.819577,0.091420,0.073418,4.119717,2.995896,4.317000,2.786762,4.513766,2.598842,3.920704,2.707328,4.180911,2.423509
510080,0.951415,0.819166,0.088025,0.068604,4.120423,2.998812,4.318173,2.789538,4.515060,2.601613,3.921064,2.710421,4.183898,2.425308
510400,0.957842,0.819146,0.098201,0.077049,4.121681,3.001557,4.319784,2.792093,4.517096,2.603878,3.923355,2.712735,4.185971,2.427869
510720,0.975204,0.819289,0.090460,0.072276,4.123760,3.003809,4.321639,2.794473,4.518911,2.606302,3.925543,2.714811,4.187959,2.430320
511040,0.981159,0.819166,0.096541,0.077593,4.125665,3.006146,4.323818,2.796554,4.521244,2.608260,3.927662,2.717127,4.190764,2.432338
511360,0.903358,0.819552,0.086479,0.064024,4.128124,3.007939,4.326250,2.798357,4.523310,2.610447,3.930552,2.718759,4.191206,2.435253
511680,0.988847,0.819672,0.084193,0.068241,4.130029,3.010231,4.327325,2.801082,4.523981,2.613292,3.931348,2.721700,4.189937,2.438000
512000,0.963731,0.819578,0.085936,0.067876,4.130293,3.013217,4.327315,2.804049,4.524190,2.616255,3.931028,2.724857,4.190739,2.440883
512320,0.924486,0.819146,0.086499,0.065505,4.130398,3.016195,4.327821,2.807004,4.525119,2.619119,3.931007,2.727948,4.193814,2.442575
512640,0.972605,0.819003,0.099354,0.079142,4.131299,3.019060,4.329408,2.809576,4.527177,2.621361,3.932841,2.730368,4.196043,2.445251
512960,0.969303,0.819400,0.092966,0.073838,4.133521,3.021134,4.331450,2.811789,4.528871,2.623858,3.935621,2.732154,4.197047,2.448089
513280,0.991384,0.819467,0.088328,0.071758,4.135312,3.023530,4.332815,2.814428,4.529956,2.626575,3.936513,2.735092,4.196702,2.451064
513600,0.963566,0.819395,0.091613,0.072333,4.135847,3.026511,4.333233,2.817373,4.530232,2.629562,3.936500,2.738234,4.197875,2.453832
513920,0.992022,0.819040,0.097584,0.079288,4.136415,3.029461,4.334164,2.820240,4.531675,2.632200,3.937206,2.741193,4.200600,2.455797
514240,0.922122,0.819384,0.087302,0.065963,4.137890,3.032119,4.335704,2.822835,4.533333,2.634732,3.940067,2.742968,4.201641,2.459006
514560,0.978761,0.819779,0.092077,0.073879,4.140114,3.034173,4.337433,2.825309,4.534396,2.637512,3.942019,2.745207,4.201598,2.461995
514880,0.979174,0.819766,0.091050,0.073085,4.141326,3.036901,4.338135,2.828210,4.535186,2.640414,3.942383,2.748330,4.202146,2.464955
515200,0.994004,0.819558,0.088485,0.072083,4.141676,3.039895,4.338748,2.831154,4.535923,2.643332,3.942370,2.751480,4.203193,2.467752
515520,0.991244,0.819488,0.085462,0.069422,4.141761,3.042870,4.338895,2.834135,4.536068,2.646305,3.942188,2.754625,4.203669,2.470698
515840,0.993718,0.819415,0.074424,0.060601,4.141672,3.045868,4.338792,2.837108,4.536119,2.649276,3.941984,2.757756,4.203268,2.473651
516160,0.992663,0.819476,0.072957,0.059348,4.141150,3.048835,4.338073,2.840016,4.535413,2.652209,3.941443,2.760845,4.202793,2.476633
516480,0.991216,0.819535,0.067153,0.054551,4.140432,3.051749,4.337164,2.842898,4.534396,2.655077,3.940711,2.763914,4.201818,2.479481
516800,0.994941,0.819578,0.063658,0.051909,4.139371,3.054575,4.335811,2.845608,4.533344,2.657895,3.939722,2.766891,4.200793,2.482283
517120,0.995028,0.819590,0.057380,0.046795,4.138243,3.057395,4.334499,2.848310,4.532126,2.660662,3.938610,2.769825,4.199397,2.484986
517440,0.986671,0.819648,0.050536,0.040870,4.136891,3.060096,4.332890,2.850867,4.530424,2.663162,3.937263,2.772665,4.197846,2.487528
517760,0.981091,0.819644,0.046618,0.037488,4.135427,3.062740,4.331345,2.853477,4.529026,2.665842,3.935888,2.775462,4.196319,2.490077
518080,0.986252,0.819673,0.047947,0.038761,4.133870,3.065341,4.329577,2.855923,4.527127,2.668187,3.934261,2.778128,4.194653,2.492496
518400,0.995747,0.819664,0.046598,0.038032,4.132295,3.067927,4.327989,2.858506,4.525706,2.670841,3.932764,2.780863,4.193161,2.495073
518720,0.998503,0.819696,0.041084,0.033626,4.130648,3.070459,4.326171,2.860915,4.523780,2.673180,3.931108,2.783505,4.191314,2.497455
519040,0.996458,0.819844,0.047801,0.039050,4.128986,3.073010,4.324369,2.863332,4.521768,2.675441,3.929792,2.786292,4.189658,2.499974
519360,0.998702,0.819908,0.042486,0.034790,4.127266,3.075495,4.322512,2.865716,4.519720,2.677674,3.928177,2.788925,4.187782,2.502332
519680,0.995552,0.819988,0.048064,0.039237,4.125555,3.078008,4.320672,2.868106,4.517755,2.679961,3.926700,2.791608,4.185947,2.504716
520000,0.998700,0.819908,0.036479,0.029870,4.123777,3.080446,4.318786,2.870459,4.516161,2.682516,3.924726,2.793935,4.184052,2.507074
520320,0.978263,0.819754,0.021008,0.016847,4.121773,3.082721,4.316742,2.872656,4.514122,2.684759,3.922444,2.795906,4.181724,2.508890
520640,0.979013,0.819268,0.000000,0.000000,4.119263,3.084377,4.313974,2.873706,4.511361,2.685743,3.919608,2.796600,4.178800,2.508325
520960,0.995027,0.819254,0.000000,0.000000,4.116292,3.084038,4.311060,2.872824,4.508448,2.684912,3.916939,2.795137,4.175841,2.507711
521280,0.986154,0.819061,0.000000,0.000000,4.113563,3.082707,4.308647,2.871002,4.505984,2.683198,3.914078,2.794149,4.173405,2.505924
521600,0.988834,0.819172,0.000000,0.000000,4.111170,3.080904,4.306297,2.869106,4.503749,2.681168,3.911971,2.792006,4.170689,2.504642
521920,0.991509,0.818922,0.000000,0.000000,4.108817,3.079003,4.304275,2.866873,4.501779,2.678885,3.909495,2.790320,4.169026,2.502132
522240,0.996094,0.819272,0.000000,0.000000,4.106921,3.076651,4.302360,2.864544,4.499557,2.676879,3.908150,2.787313,4.166480,2.500526
522560,0.974180,0.819078,0.000000,0.000000,4.105156,3.074187,4.300632,2.862083,4.497816,2.674453,3.905689,2.785563,4.165517,2.497744
522880,0.948359,0.818965,0.000000,0.000000,4.103406,3.071731,4.299180,2.859445,4.496572,2.671697,3.904130,2.782371,4.163840,2.495259
523200,0.971507,0.819198,0.000000,0.000000,4.102330,3.068861,4.298062,2.856624,4.494755,2.669280,3.902775,2.779754,4.162049,2.492941
523520,0.986444,0.818741,0.000000,0.000000,4.100714,3.066303,4.296932,2.853830,4.494372,2.666337,3.900726,2.777578,4.161170,2.490085
523840,0.982645,0.818872,0.000000,0.000000,4.099381,3.063575,4.295657,2.851087,4.492795,2.663741,3.899178,2.774734,4.158948,2.488047
524160,0.978126,0.818690,0.000000,0.000000,4.097450,3.061235,4.294122,2.848492,4.491267,2.661164,3.897014,2.772698,4.157203,2.485626
524480,0.935412,0.818768,0.000000,0.000000,4.095865,3.058669,4.293460,2.845648,4.489320,2.658862,3.894940,2.770583,4.154803,2.483852
524800,0.955320,0.818344,0.000000,0.000000,4.095027,3.055834,4.294527,2.842815,4.489239,2.655914,3.893495,2.768038,4.153140,2.481369
525120,0.974991,0.818274,0.000000,0.000000,4.094889,3.052832,4.293767,2.839891,4.488637,2.652962,3.892507,2.765198,4.152347,2.478259
525440,0.980727,0.818264,0.000000,0.000000,4.093986,3.049966,4.292620,2.837081,4.487872,2.650062,3.891633,2.762323,4.151632,2.475365
525760,0.992694,0.818242,0.000000,0.000000,4.092503,3.047330,4.290700,2.834738,4.486337,2.647465,3.889735,2.759993,4.149919,2.472925
526080,0.993062,0.818328,0.000000,0.000000,4.090650,3.044959,4.288764,2.832421,4.484450,2.645103,3.888023,2.757527,4.147763,2.470815
526400,0.994842,0.818300,0.000000,0.000000,4.088660,3.042700,4.286725,2.830212,4.482275,2.643070,3.885888,2.755386,4.146173,2.468230
526720,0.968281,0.818330,0.000000,0.000000,4.086528,3.040565,4.284462,2.828213,4.480259,2.640820,3.884081,2.753004,4.144135,2.466050
527040,0.973828,0.818327,0.000000,0.000000,4.084252,3.038565,4.282184,2.826226,4.478172,2.638641,3.882208,2.750724,4.142174,2.463847
527360,0.969071,0.818463,0.000000,0.000000,4.082076,3.036500,4.279707,2.824520,4.475463,2.637299,3.879864,2.748901,4.140081,2.461763
527680,0.953484,0.818383,0.000000,0.000000,4.079654,3.034688,4.277326,2.822662,4.473454,2.635037,3.878008,2.746244,4.138139,2.459534
528000,0.968825,0.818531,0.000000,0.000000,4.077538,3.032542,4.275115,2.820608,4.471210,2.633021,3.876343,2.743797,4.136069,2.457444
528320,0.992666,0.818050,0.000000,0.000000,4.075112,3.030800,4.272882,2.818576,4.469586,2.630494,3.873553,2.742626,4.134825,2.454698
528640,0.935943,0.818385,0.000000,0.000000,4.072826,3.028842,4.270689,2.816508,4.467335,2.628497,3.872085,2.739719,4.132082,2.453643
528960,0.970073,0.818796,0.000000,0.000000,4.071088,3.026351,4.268464,2.814467,4.464550,2.627324,3.870052,2.737581,4.129661,2.451884
529280,0.983122,0.818384,0.000000,0.000000,4.068564,3.024720,4.266153,2.812545,4.462611,2.625051,3.867368,2.736251,4.128589,2.449064
529600,0.983385,0.818639,0.000000,0.000000,4.066596,3.022427,4.263949,2.810493,4.460619,2.622791,3.866102,2.733207,4.126145,2.447305
529920,0.956367,0.818559,0.000000,0.000000,4.064725,3.020058,4.261784,2.808396,4.458568,2.620598,3.863758,2.731385,4.124849,2.444660
530240,0.950628,0.818348,0.000000,0.000000,4.062489,3.018060,4.259897,2.806049,4.457172,2.617927,3.861897,2.728710,4.122904,2.442397
530560,0.974940,0.818851,0.000000,0.000000,4.061212,3.015304,4.258151,2.803592,4.454755,2.616165,3.860250,2.726274,4.120285,2.440960
530880,0.958634,0.818553,0.000000,0.000000,4.059006,3.013241,4.256178,2.801304,4.452760,2.614006,3.857466,2.725119,4.119212,2.438154
531200,0.949776,0.818454,0.000000,0.000000,4.056728,3.011262,4.254412,2.798849,4.451451,2.611283,3.855978,2.722234,4.116949,2.436248
531520,0.944849,0.818700,0.000000,0.000000,4.055130,3.008688,4.253509,2.796077,4.449059,2.609451,3.853973,2.720044,4.114575,2.434487
531840,0.944351,0.818302,0.000000,0.000000,4.054039,3.005940,4.254805,2.793329,4.448451,2.606594,3.852615,2.717441,4.113564,2.431639
532160,0.989368,0.818358,0.000000,0.000000,4.054805,3.003010,4.254853,2.790362,4.448964,2.603655,3.853432,2.714525,4.112907,2.428563
532480,0.974015,0.818492,0.000000,0.000000,4.055668,3.000114,4.254808,2.787364,4.449664,2.600718,3.854393,2.711651,4.114623,2.425507
532800,0.987795,0.818787,0.004322,0.003495,4.057154,2.997483,4.257893,2.784353,4.451942,2.598782,3.856942,2.710181,4.117292,2.424101
533120,0.990392,0.818488,0.004881,0.003957,4.059916,2.995914,4.262060,2.782851,4.454752,2.597322,3.859834,2.709236,4.119153,2.421722
533440,0.966879,0.818712,0.018533,0.014670,4.062804,2.994805,4.264462,2.781018,4.457424,2.595848,3.862708,2.708492,4.122036,2.421140
533760,0.990874,0.818634,0.055741,0.045215,4.065983,2.994108,4.271229,2.780160,4.460613,2.595416,3.865752,2.708862,4.124980,2.421609
534080,0.971976,0.818513,0.064551,0.051355,4.069161,2.994221,4.274112,2.781096,4.463799,2.595177,3.869223,2.709423,4.127934,2.421159
534400,0.989428,0.818554,0.074963,0.060713,4.072191,2.995113,4.276307,2.783165,4.466815,2.595952,3.872154,2.710281,4.131251,2.422381
534720,0.962453,0.818636,0.086872,0.068446,4.074923,2.996596,4.278032,2.785589,4.469467,2.597619,3.874581,2.712065,4.134025,2.424307
535040,0.975725,0.818942,0.096125,0.076810,4.077172,2.998706,4.279091,2.788409,4.471606,2.599902,3.877286,2.713851,4.136737,2.426905
535360,0.983272,0.818908,0.098367,0.079206,4.079123,3.001113,4.280421,2.791126,4.473690,2.602282,3.879284,2.716111,4.139513,2.428971
535680,0.973427,0.819249,0.098534,0.078579,4.081160,3.003441,4.281580,2.793901,4.475411,2.604882,3.881958,2.717973,4.141728,2.431614
536000,0.981791,0.819168,0.096971,0.077989,4.082924,3.005976,4.283073,2.796545,4.477373,2.607314,3.883780,2.720342,4.144495,2.433723
536320,0.977126,0.819371,0.096725,0.077441,4.084988,3.008314,4.284826,2.799009,4.479353,2.609757,3.886557,2.722203,4.147595,2.435944
536640,0.997858,0.819428,0.088784,0.072597,4.087209,3.010462,4.287097,2.801003,4.481640,2.611867,3.889259,2.723937,4.149994,2.437907
536960,0.988406,0.819390,0.093356,0.075608,4.089459,3.012544,4.289244,2.803131,4.484016,2.613897,3.891320,2.726128,4.152591,2.440073
537280,0.932673,0.819662,0.090707,0.069343,4.091794,3.014619,4.291307,2.805344,4.486106,2.616174,3.894000,2.727998,4.153170,2.442956
537600,0.991634,0.819707,0.091963,0.074752,4.093534,3.017129,4.291937,2.808248,4.487222,2.619037,3.894628,2.730974,4.153553,2.445899
537920,0.996378,0.819559,0.086429,0.070577,4.094152,3.020109,4.292182,2.811213,4.487929,2.622050,3.894561,2.734063,4.153679,2.448868
538240,0.997135,0.819425,0.087762,0.071708,4.094447,3.023113,4.292465,2.814172,4.488441,2.625075,3.894426,2.737133,4.154326,2.451819
538560,0.995994,0.819356,0.081971,0.066894,4.094577,3.026115,4.292216,2.817138,4.488719,2.628120,3.894233,2.740214,4.154305,2.454818
538880,0.996361,0.819275,0.071082,0.058023,4.094277,3.029154,4.291628,2.820104,4.488600,2.631190,3.893850,2.743274,4.153426,2.457674
539200,0.993636,0.819297,0.068536,0.055794,4.093553,3.032112,4.290541,2.822953,4.487787,2.634154,3.893043,2.746271,4.152575,2.460555
539520,0.994264,0.819287,0.065837,0.053630,4.092646,3.035037,4.289405,2.825752,4.486805,2.637036,3.892066,2.749201,4.151418,2.463340
539840,0.990378,0.819289,0.063425,0.051463,4.091605,3.037903,4.288350,2.828584,4.485836,2.639962,3.891067,2.752126,4.150411,2.466201
540160,0.997392,0.819278,0.067373,0.055053,4.090545,3.040771,4.287337,2.831431,4.484750,2.642812,3.889991,2.755015,4.149409,2.469017
540480,0.989075,0.819268,0.065610,0.053165,4.089500,3.043647,4.286266,2.834254,4.483813,2.645710,3.888990,2.757939,4.148409,2.471866
540800,0.997684,0.819259,0.067333,0.055035,4.088451,3.046508,4.285217,2.837089,4.482717,2.648562,3.887910,2.760832,4.147359,2.474664
541120,0.999383,0.819236,0.064771,0.053030,4.087474,3.049385,4.284318,2.839947,4.481794,2.651449,3.886935,2.763757,4.146378,2.477504
541440,0.995033,0.819219,0.070159,0.057190,4.086552,3.052257,4.283419,2.842823,4.480943,2.654357,3.885999,2.766684,4.145464,2.480381
541760,0.999142,0.819209,0.066077,0.054084,4.085576,3.055115,4.282465,2.845684,4.480068,2.657249,3.885038,2.769588,4.144577,2.483268
542080,0.995816,0.819202,0.071975,0.058715,4.084616,3.057984,4.281542,2.848555,4.479199,2.660158,3.884105,2.772515,4.143832,2.486140
542400,0.998428,0.819175,0.061302,0.050138,4.083614,3.060831,4.280550,2.851402,4.478243,2.663026,3.883175,2.775420,4.142511,2.488873
542720,0.998789,0.819214,0.068766,0.056266,4.082623,3.063690,4.279573,2.854272,4.477171,2.665856,3.882161,2.778296,4.141865,2.491828
543040,0.998961,0.819199,0.061739,0.050524,4.081596,3.066526,4.278555,2.857105,4.476224,2.668732,3.881181,2.781180,4.140768,2.494623
543360,0.995305,0.819179,0.068822,0.056113,4.080605,3.069404,4.277552,2.859958,4.475317,2.671628,3.880200,2.784078,4.139749,2.497468
543680,0.983792,0.819238,0.062632,0.050479,4.079566,3.072240,4.276494,2.862773,4.474347,2.674481,3.879414,2.786967,4.138896,2.500345
544000,0.995590,0.819238,0.070079,0.057158,4.078734,3.075172,4.275452,2.865615,4.473161,2.677265,3.878347,2.789849,4.137936,2.503104
544320,0.997718,0.819299,0.061855,0.050562,4.077861,3.078064,4.274351,2.868428,4.472053,2.680067,3.877587,2.792751,4.136701,2.505885
544640,0.997692,0.819349,0.067750,0.055382,4.077096,3.080991,4.273267,2.871242,4.470984,2.682904,3.876610,2.795652,4.135932,2.508811
544960,0.993766,0.819334,0.062392,0.050801,4.076205,3.083872,4.272128,2.874027,4.469732,2.685636,3.875487,2.798471,4.134599,2.511466
545280,0.998175,0.819381,0.065411,0.053498,4.075146,3.086701,4.271020,2.876823,4.468665,2.688469,3.874613,2.801382,4.133518,2.514289
545600,0.998626,0.819398,0.062118,0.050830,4.074049,3.089516,4.269863,2.879608,4.467593,2.691288,3.873510,2.804207,4.132642,2.517148
545920,0.994482,0.819340,0.061156,0.049831,4.072971,3.092335,4.268728,2.882420,4.466398,2.694068,3.872327,2.807014,4.131087,2.519735
546240,0.999192,0.819394,0.058986,0.048294,4.071767,3.095106,4.267546,2.885195,4.465147,2.696826,3.871237,2.809807,4.130119,2.522576
546560,0.981927,0.819514,0.067626,0.054419,4.070601,3.097913,4.266454,2.887994,4.463984,2.699613,3.870555,2.812721,4.129218,2.525449
546880,0.995108,0.819430,0.062782,0.051193,4.069716,3.100789,4.265772,2.890918,4.462825,2.702408,3.869485,2.815588,4.127789,2.528042
547200,0.974841,0.819512,0.078862,0.063002,4.068578,3.103598,4.264622,2.893713,4.462198,2.705319,3.868818,2.818480,4.128387,2.530987
547520,0.982918,0.819688,0.078242,0.063039,4.068312,3.106516,4.264788,2.896687,4.461998,2.708291,3.869762,2.821363,4.127488,2.533847
547840,0.972602,0.819599,0.082790,0.065996,4.068372,3.109497,4.264750,2.899673,4.461704,2.711256,3.869071,2.824319,4.127359,2.536796
548160,0.987981,0.819355,0.100560,0.081404,4.068184,3.112505,4.265413,2.902592,4.462546,2.714158,3.869271,2.827303,4.129497,2.539347
548480,0.905544,0.819539,0.086512,0.064203,4.069648,3.115158,4.267127,2.905080,4.464078,2.716784,3.871637,2.829292,4.130056,2.542228
548800,0.959029,0.819802,0.088731,0.069762,4.071819,3.117268,4.269147,2.907276,4.465290,2.719545,3.873302,2.831729,4.129701,2.545202
549120,0.959720,0.819712,0.092670,0.072903,4.073077,3.119986,4.270220,2.910088,4.466069,2.722454,3.873433,2.834705,4.130594,2.548076
549440,0.954293,0.819101,0.087868,0.068683,4.073592,3.122932,4.271633,2.912759,4.467947,2.724859,3.873805,2.837699,4.133829,2.549760
549760,0.960184,0.819090,0.099317,0.078111,4.075151,3.125506,4.273766,2.914893,4.470358,2.726684,3.876423,2.839788,4.136100,2.552356
550080,0.909018,0.819400,0.086269,0.064257,4.077582,3.127380,4.275902,2.916999,4.472166,2.729090,3.878733,2.841628,4.136031,2.555315
550400,0.986189,0.819503,0.088628,0.071628,4.079244,3.129826,4.276639,2.919832,4.472726,2.732024,3.879091,2.844575,4.135831,2.558270
550720,0.921903,0.819245,0.085962,0.064924,4.079429,3.132809,4.277062,2.922812,4.473389,2.734962,3.879034,2.847577,4.138142,2.560570
551040,0.992658,0.818879,0.098227,0.079846,4.080129,3.135751,4.278781,2.925302,4.475231,2.737400,3.880469,2.850213,4.141113,2.562331
551360,0.948007,0.819307,0.078282,0.060802,4.082633,3.137955,4.280772,2.927557,4.477196,2.739699,3.883451,2.851798,4.142118,2.565526
551680,0.978519,0.819473,0.090287,0.072399,4.084549,3.140164,4.282317,2.930114,4.478249,2.742491,3.884667,2.854478,4.141438,2.568472
552000,0.948600,0.819523,0.092723,0.072083,4.085401,3.142651,4.282824,2.933049,4.478744,2.745438,3.884866,2.857458,4.142879,2.571233
552320,0.957608,0.819092,0.070975,0.055671,4.085602,3.144928,4.284138,2.935798,4.480559,2.747881,3.885614,2.860394,4.146153,2.572687
552640,0.945100,0.819099,0.095752,0.074124,4.086916,3.147746,4.286087,2.938095,4.482775,2.749931,3.888111,2.862543,4.148088,2.575558
552960,0.943224,0.819432,0.089694,0.069325,4.089140,3.149827,4.288091,2.940339,4.484249,2.752545,3.890327,2.864467,4.148408,2.578506
553280,0.971400,0.819655,0.074194,0.059074,4.090332,3.152114,4.288461,2.943277,4.484382,2.755518,3.890570,2.867436,4.148712,2.581465
553600,0.983094,0.819611,0.081208,0.065433,4.090384,3.154502,4.288572,2.946257,4.484840,2.758482,3.890304,2.870452,4.149214,2.584337
553920,0.995818,0.819705,0.067233,0.054881,4.090073,3.157059,4.287755,2.949166,4.484117,2.761414,3.889441,2.873354,4.148559,2.587289
554240,0.992454,0.819771,0.045948,0.037383,4.089160,3.159942,4.285926,2.951570,4.482717,2.764103,3.888336,2.876184,4.146941,2.589803
554560,0.988571,0.819727,0.042090,0.034108,4.087723,3.162615,4.284008,2.953893,4.480989,2.766578,3.886634,2.878667,4.144946,2.592073
554880,0.996763,0.819371,0.056977,0.046534,4.084870,3.166589,4.282034,2.956176,4.478828,2.768641,3.884868,2.881129,4.142967,2.594339
555200,0.984641,0.819365,0.040620,0.032772,4.082976,3.169337,4.279933,2.958378,4.476662,2.770741,3.883035,2.883635,4.141060,2.596678
555520,0.962387,0.819264,0.009929,0.007829,4.081385,3.171119,4.277474,2.960072,4.474284,2.772605,3.880763,2.885659,4.138296,2.597601
555840,0.989072,0.818778,0.000000,0.000000,4.078634,3.172217,4.274549,2.960418,4.471324,2.772691,3.877887,2.886239,4.135535,2.596346
556160,0.995112,0.818841,0.000000,0.000000,4.075653,3.171483,4.271704,2.959376,4.468495,2.771665,3.875263,2.884710,4.132571,2.595776
556480,0.994798,0.818761,0.000000,0.000000,4.072996,3.170043,4.269302,2.957530,4.465941,2.770066,3.872682,2.883188,4.130147,2.593978
556800,0.986482,0.818741,0.000000,0.000000,4.070940,3.167813,4.267419,2.955175,4.463982,2.767807,3.870593,2.881033,4.128015,2.591838
557120,0.988394,0.818616,0.000000,0.000000,4.069120,3.165410,4.265622,2.952756,4.462419,2.765224,3.868274,2.879109,4.125896,2.589721
557440,0.986156,0.818755,0.000000,0.000000,4.067385,3.162968,4.263867,2.950300,4.460373,2.763027,3.866467,2.876726,4.123756,2.587648
557760,0.986355,0.818677,0.000000,0.000000,4.065449,3.160650,4.262095,2.947871,4.458708,2.760561,3.864793,2.874237,4.122358,2.584981
558080,0.986815,0.818626,0.000000,0.000000,4.063729,3.158173,4.260360,2.945405,4.457191,2.757957,3.862830,2.871956,4.120295,2.582816
558400,0.991544,0.818642,0.000000,0.000000,4.061870,3.155797,4.258600,2.942958,4.455085,2.755787,3.860546,2.869981,4.118233,2.580654
558720,0.984944,0.818844,0.000000,0.000000,4.060130,3.153341,4.256883,2.940465,4.452933,2.753675,3.858923,2.867444,4.116157,2.578536
559040,0.986705,0.818780,0.000000,0.000000,4.058435,3.150829,4.255132,2.938001,4.451309,2.751180,3.857104,2.865051,4.114835,2.575847
559360,0.990188,0.818873,0.000000,0.000000,4.056780,3.148288,4.253430,2.935497,4.449482,2.748774,3.855326,2.862617,4.112783,2.573697
559680,0.987430,0.818770,0.000000,0.000000,4.055082,3.145782,4.251701,2.933012,4.448146,2.746085,3.853709,2.860087,4.111499,2.570998
560000,0.984461,0.818876,0.000000,0.000000,4.053432,3.143247,4.250016,2.930502,4.446264,2.743730,3.851942,2.857613,4.109462,2.568828
560320,0.986859,0.818861,0.000000,0.000000,4.051775,3.140724,4.248303,2.928011,4.444640,2.741234,3.850351,2.855058,4.108185,2.566119
560640,0.998065,0.818826,0.000000,0.000000,4.050168,3.138138,4.246632,2.925495,4.443188,2.738597,3.848618,2.852568,4.106416,2.563697
560960,0.997932,0.818725,0.000000,0.000000,4.048545,3.135596,4.244920,2.923004,4.441894,2.735876,3.846874,2.850110,4.104716,2.561199
561280,0.997131,0.818708,0.000000,0.000000,4.046960,3.133010,4.243255,2.920479,4.440415,2.733245,3.845169,2.847608,4.102902,2.558808
561600,0.997140,0.818831,0.000000,0.000000,4.045352,3.130464,4.241566,2.917976,4.438311,2.731099,3.843432,2.845139,4.101218,2.556303
561920,0.997143,0.818956,0.000000,0.000000,4.043789,3.127873,4.239928,2.915430,4.436246,2.728891,3.841736,2.842645,4.099568,2.553773
562240,0.997401,0.819054,0.000000,0.000000,4.042197,3.125317,4.238265,2.912909,4.434309,2.726586,3.840001,2.840179,4.097725,2.551394
562560,0.986963,0.818912,0.000000,0.000000,4.040627,3.122737,4.237630,2.909978,4.433218,2.723805,3.838542,2.837550,4.096108,2.548882
562880,0.997704,0.818746,0.000000,0.000000,4.039526,3.119941,4.237513,2.907014,4.432377,2.720911,3.837371,2.834785,4.095285,2.545983
563200,0.999855,0.818673,0.000000,0.000000,4.038785,3.117130,4.236799,2.904068,4.432024,2.717937,3.836825,2.831813,4.094413,2.543084
563520,0.999085,0.818660,0.000000,0.000000,4.037877,3.114107,4.236045,2.901155,4.431371,2.715019,3.836042,2.828912,4.093707,2.540167
563840,0.998787,0.818579,0.000000,0.000000,4.036899,3.111369,4.235328,2.898231,4.430756,2.712083,3.835304,2.825999,4.092852,2.537279
564160,0.998956,0.818595,0.000000,0.000000,4.035694,3.108130,4.234574,2.895326,4.430107,2.709148,3.834537,2.823092,4.092170,2.534355
564480,0.999007,0.818526,0.000000,0.000000,4.034678,3.105295,4.233864,2.892401,4.429520,2.706209,3.833813,2.820168,4.091520,2.531426
564800,0.988784,0.818471,0.000000,0.000000,4.033695,3.102455,4.233068,2.889471,4.428829,2.703264,3.832987,2.817254,4.090627,2.528545
565120,0.984367,0.818516,0.000000,0.000000,4.033031,3.099542,4.231855,2.886693,4.427674,2.700466,3.831740,2.814496,4.089398,2.525785
565440,0.994913,0.818593,0.000000,0.000000,4.032618,3.096577,4.230702,2.883910,4.426507,2.697699,3.830544,2.811713,4.088275,2.522985
565760,0.999018,0.818542,0.000000,0.000000,4.031308,3.093831,4.229511,2.881139,4.425447,2.694881,3.829325,2.808961,4.087116,2.520210
566080,0.999047,0.818475,0.000000,0.000000,4.029929,3.091132,4.228370,2.878337,4.424439,2.692027,3.828146,2.806172,4.085809,2.517485
566400,0.999052,0.818444,0.000000,0.000000,4.028532,3.088460,4.227205,2.875564,4.423219,2.689274,3.826955,2.803409,4.084668,2.514696
566720,0.999016,0.818366,0.000000,0.000000,4.027179,3.085754,4.226089,2.872758,4.422241,2.686411,3.825810,2.800606,4.083570,2.511883
567040,0.998978,0.818284,0.000000,0.000000,4.025804,3.083073,4.224944,2.869976,4.421247,2.683568,3.824643,2.797837,4.082438,2.509083
567360,0.999003,0.818221,0.000000,0.000000,4.024465,3.080354,4.223849,2.867149,4.420294,2.680697,3.823529,2.795037,4.081153,2.506351
567680,0.989214,0.818202,0.000000,0.000000,4.023487,3.077529,4.222547,2.864425,4.419062,2.677909,3.822128,2.792336,4.080153,2.503492
568000,0.975520,0.818414,0.000000,0.000000,4.022608,3.074664,4.221367,2.861661,4.417255,2.675523,3.820526,2.789779,4.078077,2.501319
568320,0.985441,0.818438,0.000000,0.000000,4.022240,3.071734,4.221439,2.858665,4.416275,2.672758,3.819850,2.786861,4.077526,2.498303
568640,0.990394,0.818462,0.000000,0.000000,4.021694,3.068779,4.220567,2.855762,4.415898,2.669776,3.819557,2.783909,4.077069,2.495262
568960,0.994730,0.818606,0.000000,0.000000,4.021134,3.065823,4.219476,2.852956,4.414966,2.666921,3.819159,2.780941,4.076432,2.492237
569280,0.998968,0.818538,0.000000,0.000000,4.020164,3.062964,4.218439,2.850124,4.414067,2.664037,3.818062,2.778100,4.075912,2.489178
569600,0.990599,0.818618,0.000000,0.000000,4.018850,3.060253,4.217318,2.847307,4.412696,2.661357,3.816951,2.775300,4.074230,2.486674
569920,0.998811,0.818607,0.000000,0.000000,4.017564,3.057502,4.215822,2.844728,4.411505,2.658603,3.815886,2.772472,4.073716,2.483597
570240,0.985176,0.818541,0.000000,0.000000,4.016259,3.054796,4.214704,2.841919,4.410418,2.655783,3.814591,2.769727,4.072334,2.480891
570560,0.998866,0.818495,0.000000,0.000000,4.014808,3.052152,4.213183,2.839312,4.409173,2.653033,3.813172,2.767065,4.070959,2.478221
570880,0.998963,0.818411,0.000000,0.000000,4.013095,3.049659,4.211698,2.836653,4.407845,2.650318,3.811671,2.764442,4.069455,2.475604
571200,0.999023,0.818330,0.000000,0.000000,4.011364,3.047186,4.210176,2.834035,4.406481,2.647642,3.810144,2.761837,4.067932,2.473007
571520,0.999113,0.818252,0.000000,0.000000,4.009684,3.044666,4.208694,2.831397,4.405152,2.644930,3.808660,2.759191,4.066445,2.470367
571840,0.999071,0.818177,0.000000,0.000000,4.007973,3.042174,4.207171,2.828790,4.403785,2.642233,3.807152,2.756570,4.064939,2.467754
572160,0.995205,0.818229,0.000000,0.000000,4.007097,3.039310,4.205702,2.826149,4.402444,2.639527,3.805691,2.753916,4.063483,2.465106
572480,0.998996,0.818299,0.000000,0.000000,4.006242,3.036413,4.204216,2.823520,4.401082,2.636842,3.804221,2.751282,4.061999,2.462485
572800,0.999061,0.818231,0.000000,0.000000,4.004577,3.033883,4.202783,2.820868,4.399765,2.634121,3.802809,2.748605,4.060559,2.459828
573120,0.993193,0.818363,0.000000,0.000000,4.002892,3.031364,4.201326,2.818218,4.397703,2.631918,3.801379,2.745954,4.059103,2.457183
573440,0.999051,0.818417,0.000000,0.000000,4.001251,3.028818,4.199919,2.815539,4.395958,2.629501,3.799990,2.743249,4.057695,2.454498
573760,0.998952,0.818342,0.000000,0.000000,3.999596,3.026303,4.198493,2.812875,4.394652,2.626773,3.798578,2.740580,4.056253,2.451836
574080,0.995048,0.818281,0.000000,0.000000,3.998034,3.023710,4.197124,2.810186,4.393402,2.624019,3.797213,2.737876,4.054854,2.449165
574400,0.994998,0.818390,0.000000,0.000000,3.997089,3.020842,4.195311,2.807766,4.391718,2.621501,3.795596,2.735311,4.053541,2.446438
574720,0.986437,0.818329,0.000000,0.000000,3.995173,3.018495,4.193427,2.805401,4.389859,2.619134,3.793455,2.733227,4.051713,2.444090
575040,0.975307,0.818470,0.000000,0.000000,3.993093,3.016324,4.191360,2.803217,4.387848,2.616906,3.791768,2.730742,4.049327,2.442336
575360,0.963421,0.818564,0.000000,0.000000,3.991385,3.013852,4.190401,2.800438,4.385499,2.615066,3.789662,2.728574,4.047458,2.440044
575680,0.980622,0.818478,0.000000,0.000000,3.990736,3.010980,4.190472,2.797439,4.384933,2.612151,3.788974,2.725689,4.046422,2.437226
576000,0.941507,0.818482,0.000000,0.000000,3.990512,3.008014,4.189636,2.794591,4.384906,2.609156,3.788699,2.722709,4.047449,2.434134
576320,0.985324,0.818634,0.000000,0.000000,3.990896,3.005065,4.191691,2.791589,4.386666,2.606729,3.790260,2.720136,4.049850,2.432326
576640,0.868438,0.818222,0.001113,0.000791,3.993332,3.002995,4.196280,2.789706,4.389118,2.604761,3.792732,2.718409,4.050529,2.429476
576960,0.971588,0.817809,0.000000,0.000000,3.996158,3.001801,4.198321,2.787560,4.391015,2.602452,3.794916,2.716367,4.050221,2.426256
577280,0.983052,0.817740,0.000000,0.000000,3.998240,2.999623,4.199324,2.784715,4.392526,2.599757,3.796504,2.713787,4.052266,2.423167
577600,0.966314,0.818163,0.014294,0.011301,4.000034,2.997193,4.201209,2.782366,4.394567,2.597542,3.798478,2.711502,4.055480,2.422589
577920,0.979391,0.818372,0.035379,0.028357,4.002689,2.995769,4.204119,2.781940,4.397419,2.596512,3.801386,2.710826,4.059252,2.422222
578240,0.991906,0.818399,0.061392,0.049837,4.005730,2.995777,4.207076,2.782512,4.400461,2.596427,3.804388,2.710930,4.062432,2.422567
578560,0.996858,0.818399,0.075490,0.061587,4.008661,2.996623,4.209716,2.783972,4.403357,2.597472,3.807220,2.712092,4.065603,2.423450
578880,0.996330,0.818452,0.089004,0.072579,4.011230,2.998227,4.211625,2.786296,4.405866,2.599188,3.809644,2.713895,4.068089,2.425330
579200,0.995600,0.818517,0.089561,0.072985,4.013395,3.000360,4.213451,2.788705,4.408052,2.601304,3.811889,2.715907,4.070685,2.427606
579520,0.998235,0.818776,0.092656,0.075731,4.015396,3.002635,4.215234,2.791144,4.409774,2.603853,3.814203,2.717878,4.072499,2.430401
579840,0.979086,0.818748,0.085836,0.068808,4.017394,3.004908,4.217041,2.793552,4.411656,2.606266,3.816123,2.720224,4.075679,2.432228
580160,0.998714,0.818892,0.090437,0.073963,4.019400,3.007205,4.218977,2.795860,4.413898,2.608381,3.819005,2.721884,4.077791,2.434599
580480,0.992943,0.818818,0.092190,0.074954,4.021209,3.009613,4.220570,2.798415,4.415752,2.610811,3.820729,2.724385,4.080366,2.436623
580800,0.961454,0.819021,0.091224,0.071834,4.023244,3.011852,4.222385,2.800820,4.417635,2.613214,3.822995,2.726374,4.081594,2.439467
581120,0.993308,0.819063,0.093569,0.076126,4.024820,3.014429,4.223456,2.803594,4.418705,2.616019,3.823826,2.729268,4.081749,2.442459
581440,0.946225,0.818905,0.097941,0.075891,4.025678,3.017330,4.224176,2.806499,4.419780,2.618876,3.824490,2.732226,4.084466,2.444710
581760,0.959921,0.818868,0.097544,0.076675,4.026920,3.020074,4.225766,2.809096,4.421732,2.621248,3.826828,2.734524,4.086812,2.446972
582080,0.965962,0.819344,0.091087,0.072091,4.029076,3.022238,4.227595,2.811510,4.423185,2.623879,3.829786,2.736002,4.087105,2.449920
582400,0.991947,0.819481,0.092999,0.075598,4.030925,3.024590,4.228863,2.814224,4.424295,2.626687,3.830810,2.738810,4.087768,2.452882
582720,0.996237,0.819316,0.090534,0.073897,4.031720,3.027513,4.229580,2.817146,4.425329,2.629547,3.831135,2.741848,4.088645,2.455730
583040,0.997934,0.819190,0.090884,0.074297,4.032438,3.030433,4.230340,2.820043,4.426179,2.632446,3.831429,2.744857,4.089604,2.458600
583360,0.993476,0.819096,0.091667,0.074594,4.033107,3.033355,4.231064,2.822960,4.426937,2.635356,3.831729,2.747849,4.090185,2.461582
583680,0.995199,0.819019,0.092310,0.075240,4.033805,3.036283,4.231827,2.825865,4.427741,2.638259,3.832241,2.750823,4.090939,2.464465
584000,0.995345,0.818958,0.092650,0.075523,4.034454,3.039214,4.232546,2.828778,4.428511,2.641168,3.832760,2.753830,4.091671,2.467387
584320,0.995844,0.818912,0.092166,0.075163,4.035130,3.042127,4.233300,2.831683,4.429305,2.644063,3.833386,2.756784,4.092408,2.470282
584640,0.998675,0.818879,0.090097,0.073681,4.035766,3.045058,4.234006,2.834595,4.430035,2.646979,3.834029,2.759755,4.093260,2.473138
584960,0.995873,0.818859,0.092310,0.075277,4.036438,3.047969,4.234746,2.837496,4.430814,2.649872,3.834709,2.762707,4.093882,2.476097
585280,0.996054,0.818835,0.093013,0.075862,4.037074,3.050899,4.235447,2.840420,4.431559,2.652793,3.835373,2.765660,4.094608,2.479016
585600,0.996134,0.818803,0.092183,0.075188,4.037751,3.053827,4.236176,2.843323,4.432339,2.655695,3.836067,2.768582,4.095345,2.481897
585920,0.998675,0.818770,0.089854,0.073472,4.038376,3.056767,4.236857,2.846248,4.433072,2.658610,3.836720,2.771536,4.096179,2.484757
586240,0.995927,0.818758,0.092383,0.075331,4.039034,3.059689,4.237578,2.849173,4.433833,2.661530,3.837420,2.774467,4.096798,2.487720
586560,0.998745,0.818736,0.089454,0.073148,4.039641,3.062627,4.238249,2.852105,4.434517,2.664456,3.838084,2.777407,4.097624,2.490574
586880,0.986873,0.818742,0.092170,0.074473,4.040277,3.065557,4.238951,2.855019,4.435231,2.667375,3.838861,2.780347,4.098547,2.493451
587200,0.996671,0.818794,0.093309,0.076147,4.041054,3.068471,4.239607,2.857962,4.435902,2.670292,3.839705,2.783241,4.099088,2.496427
587520,0.986935,0.818822,0.092496,0.074749,4.041945,3.071335,4.240280,2.860884,4.436617,2.673212,3.840505,2.786144,4.100127,2.499217
587840,0.997945,0.818886,0.090474,0.073935,4.042786,3.074235,4.240890,2.863822,4.437292,2.676143,3.841374,2.789048,4.100585,2.502180
588160,0.996303,0.818904,0.091783,0.074884,4.043651,3.077123,4.241528,2.866746,4.438002,2.679056,3.842057,2.791979,4.101159,2.505131
588480,0.998388,0.818901,0.090074,0.073643,4.044444,3.080030,4.242117,2.869705,4.438674,2.681991,3.842672,2.794916,4.101948,2.508001
588800,0.998528,0.818898,0.091147,0.074530,4.045193,3.082949,4.242743,2.872633,4.439387,2.684900,3.843333,2.797859,4.102840,2.510890
589120,0.998657,0.818896,0.091360,0.074714,4.045889,3.085875,4.243338,2.875571,4.440060,2.687842,3.843954,2.800786,4.103307,2.513853
589440,0.998579,0.818897,0.090977,0.074395,4.046645,3.088799,4.243970,2.878501,4.440764,2.690753,3.844625,2.803710,4.103822,2.516804
589760,0.998718,0.818900,0.089364,0.073087,4.047326,3.091724,4.244558,2.881437,4.441419,2.693690,3.845252,2.806639,4.104292,2.519767
590080,0.998659,0.818906,0.090967,0.074394,4.048035,3.094642,4.245174,2.884373,4.442103,2.696608,3.845920,2.809566,4.105004,2.522696
590400,0.998712,0.818906,0.090710,0.074188,4.048674,3.097587,4.245747,2.887317,4.442745,2.699544,3.846563,2.812491,4.105857,2.525580
590720,0.995113,0.818950,0.090500,0.073753,4.049347,3.100509,4.246353,2.890249,4.443205,2.702475,3.847200,2.815422,4.105995,2.528578
591040,0.979341,0.818823,0.092087,0.073845,4.049900,3.103462,4.247180,2.893166,4.443977,2.705416,3.847798,2.818380,4.108127,2.530978
591360,0.923471,0.818895,0.093686,0.070848,4.050815,3.106317,4.248713,2.895757,4.445493,2.708027,3.849942,2.820682,4.109522,2.533743
591680,0.993484,0.819300,0.095122,0.077426,4.052770,3.108630,4.250310,2.898312,4.446388,2.710902,3.852022,2.822768,4.109814,2.536728
592000,0.953708,0.819030,0.096625,0.075475,4.053815,3.111442,4.251751,2.900967,4.447965,2.713484,3.852953,2.825644,4.112626,2.538855
592320,0.984298,0.818619,0.091820,0.073985,4.054834,3.114304,4.253687,2.903280,4.450289,2.715464,3.854471,2.828243,4.114960,2.540942
592640,0.912748,0.819025,0.089857,0.067174,4.056784,3.116007,4.255595,2.905627,4.451968,2.717975,3.856745,2.830242,4.115355,2.544100
592960,0.987795,0.819187,0.093659,0.075788,4.058577,3.118410,4.256958,2.908287,4.452755,2.720839,3.857696,2.833091,4.115573,2.547055
593280,0.946801,0.819018,0.097178,0.075356,4.059695,3.121218,4.257970,2.911139,4.453856,2.723668,3.858404,2.836022,4.118443,2.549155
593600,0.966242,0.818948,0.092140,0.072910,4.061049,3.123794,4.259789,2.913563,4.455911,2.725908,3.860595,2.838321,4.120908,2.551379
593920,0.916104,0.819129,0.083723,0.062827,4.063522,3.126171,4.261806,2.915794,4.457727,2.728332,3.862757,2.840376,4.121091,2.554341
594240,0.996063,0.819319,0.088708,0.072394,4.064745,3.128271,4.262900,2.918513,4.458283,2.731268,3.863368,2.843299,4.121133,2.557292
594560,0.930614,0.819206,0.096788,0.073788,4.065279,3.130845,4.263476,2.921485,4.459279,2.734105,3.863956,2.846259,4.123835,2.559475
594880,0.964504,0.819089,0.100926,0.079733,4.066534,3.133787,4.265270,2.923927,4.461378,2.736297,3.866256,2.848531,4.126266,2.561840
595200,0.936611,0.819318,0.088968,0.068272,4.068605,3.136027,4.267214,2.926223,4.463010,2.738809,3.868414,2.850565,4.126368,2.564793
595520,0.984360,0.819422,0.091164,0.073533,4.069530,3.138492,4.267704,2.929157,4.463360,2.741754,3.868704,2.853537,4.126333,2.567739
595840,0.907247,0.819290,0.094422,0.070184,4.069435,3.141202,4.267657,2.932167,4.463926,2.744709,3.868787,2.856543,4.128896,2.569958
596160,0.970500,0.819063,0.091297,0.072572,4.070174,3.144047,4.269452,2.934609,4.465877,2.747041,3.870564,2.858961,4.131207,2.572194
596480,0.936520,0.819455,0.089707,0.068845,4.072370,3.146184,4.271513,2.936792,4.467514,2.749551,3.873347,2.860759,4.131430,2.575136
596800,0.990422,0.819544,0.092296,0.074916,4.074113,3.148655,4.272737,2.939514,4.468468,2.752402,3.874135,2.863639,4.131886,2.578099
597120,0.991076,0.819491,0.085992,0.069841,4.074779,3.151568,4.272944,2.942476,4.469078,2.755316,3.874315,2.866637,4.132388,2.581047
597440,0.994634,0.819499,0.082407,0.067170,4.075013,3.154554,4.272829,2.945446,4.468878,2.758277,3.874071,2.869621,4.132200,2.584026
597760,0.995187,0.819552,0.079162,0.064565,4.075057,3.157554,4.272651,2.948411,4.468282,2.761206,3.873701,2.872579,4.131866,2.587012
598080,0.995252,0.819466,0.079738,0.065032,4.074979,3.160542,4.272495,2.951375,4.468323,2.764190,3.873359,2.875548,4.131552,2.589981
598400,0.997183,0.819379,0.077122,0.063015,4.074817,3.163544,4.272266,2.954353,4.468314,2.767159,3.872971,2.878520,4.131324,2.592950
598720,0.995755,0.819447,0.081294,0.066333,4.074600,3.166529,4.272072,2.957319,4.467709,2.770112,3.872638,2.881492,4.131466,2.595927
599040,0.995565,0.819504,0.072005,0.058746,4.074256,3.169496,4.271338,2.960236,4.467261,2.773082,3.872282,2.884473,4.131006,2.598906
599360,0.997724,0.819511,0.062678,0.051249,4.073336,3.172457,4.270320,2.963097,4.466426,2.775985,3.871628,2.887422,4.129815,2.601702
599680,0.979641,0.819550,0.052492,0.042144,4.072086,3.175204,4.268817,2.965727,4.465287,2.778787,3.870574,2.890250,4.128466,2.604399
600000,0.996243,0.819652,0.040887,0.033387,4.070496,3.177746,4.266935,2.968064,4.463340,2.781108,3.869033,2.892854,4.126812,2.606897
600320,0.995191,0.819730,0.034050,0.027777,4.068648,3.180132,4.264752,2.970118,4.461310,2.783354,3.867292,2.895338,4.124821,2.609164
600640,0.952797,0.819501,0.008996,0.007025,4.066591,3.182357,4.262401,2.971993,4.458911,2.785177,3.865152,2.897493,4.121582,2.610116
600960,0.902994,0.818875,0.000000,0.000000,4.063954,3.183778,4.259485,2.972604,4.455943,2.785086,3.862338,2.898457,4.119027,2.608541
601280,0.977492,0.818389,0.000000,0.000000,4.061043,3.183646,4.256872,2.971109,4.453599,2.783180,3.859525,2.897463,4.116642,2.606829
601600,0.985573,0.818717,0.000000,0.000000,4.059003,3.182035,4.254627,2.969093,4.451091,2.781526,3.857700,2.895079,4.113759,2.606005
601920,0.977454,0.818647,0.000000,0.000000,4.056401,3.179767,4.252459,2.966996,4.448707,2.779652,3.855209,2.893363,4.112327,2.603421
602240,0.986732,0.818572,0.000000,0.000000,4.054667,3.177830,4.250857,2.964450,4.447253,2.777025,3.853840,2.890372,4.110321,2.601213
602560,0.984461,0.818519,0.000000,0.000000,4.053233,3.175407,4.249467,2.961752,4.445432,2.774611,3.851835,2.888138,4.108896,2.598626
602880,0.986887,0.818255,0.000000,0.000000,4.052172,3.173314,4.248046,2.959088,4.444373,2.771775,3.849880,2.885855,4.107055,2.596245
603200,0.997406,0.818314,0.000000,0.000000,4.050352,3.170517,4.246505,2.956484,4.442614,2.769322,3.847828,2.883655,4.104943,2.594120
603520,0.989419,0.818404,0.000000,0.000000,4.048548,3.167905,4.245117,2.953804,4.440670,2.767014,3.846169,2.881152,4.103304,2.591651
603840,0.995471,0.818327,0.000000,0.000000,4.046984,3.165267,4.243769,2.951102,4.439538,2.764230,3.844700,2.878451,4.101762,2.589120
604160,0.997397,0.818298,0.000000,0.000000,4.045549,3.162590,4.242377,2.948426,4.438079,2.761568,3.843053,2.875931,4.100227,2.586523
604480,0.997733,0.818394,0.000000,0.000000,4.044068,3.159917,4.241031,2.945716,4.436196,2.759183,3.841436,2.873361,4.098552,2.583996
604800,0.995744,0.818406,0.000000,0.000000,4.042497,3.157312,4.239647,2.943032,4.434526,2.756696,3.839796,2.870831,4.097042,2.581409
605120,0.995908,0.818264,0.000000,0.000000,4.040976,3.154660,4.238296,2.940325,4.433556,2.753836,3.838205,2.868267,4.095366,2.578885
605440,0.996221,0.818133,0.000000,0.000000,4.039461,3.152023,4.236906,2.937638,4.432544,2.751007,3.836590,2.865721,4.093675,2.576384
605760,0.997443,0.818040,0.000000,0.000000,4.037991,3.149374,4.235574,2.934924,4.431312,2.748237,3.835012,2.863127,4.092209,2.573731
606080,0.997342,0.818138,0.000000,0.000000,4.036479,3.146749,4.234213,2.932231,4.429416,2.745911,3.833415,2.860570,4.090547,2.571213
606400,0.982064,0.818246,0.000000,0.000000,4.035015,3.144093,4.232663,2.929633,4.427541,2.743537,3.831851,2.857975,4.088989,2.568633
606720,0.996380,0.818286,0.000000,0.000000,4.033284,3.141583,4.230515,2.927537,4.425819,2.741079,3.830244,2.855421,4.087301,2.566140
607040,0.996818,0.818285,0.000000,0.000000,4.031508,3.139121,4.228444,2.925330,4.424124,2.738563,3.828674,2.852839,4.085884,2.563474
607360,0.996465,0.818333,0.000000,0.000000,4.029681,3.136699,4.226406,2.923107,4.422258,2.736201,3.827078,2.850276,4.084254,2.560935
607680,0.996438,0.818377,0.000000,0.000000,4.027860,3.134278,4.224310,2.920940,4.420421,2.733793,3.825533,2.847661,4.082667,2.558359
608000,0.984754,0.818391,0.000000,0.000000,4.026001,3.131885,4.222408,2.918605,4.418576,2.731414,3.823923,2.845100,4.081177,2.555735
608320,0.996104,0.818327,0.000000,0.000000,4.024221,3.129422,4.220829,2.916032,4.416993,2.728853,3.821947,2.842821,4.079169,2.553486
608640,0.996151,0.818186,0.000000,0.000000,4.022441,3.126986,4.219161,2.913505,4.415626,2.726157,3.820021,2.840505,4.077351,2.551075
608960,0.996936,0.818273,0.000000,0.000000,4.020636,3.124557,4.217462,2.911004,4.413510,2.724001,3.818080,2.838210,4.075344,2.548822
609280,0.997049,0.818380,0.000000,0.000000,4.018893,3.122102,4.215817,2.908462,4.411346,2.721908,3.816171,2.835864,4.073387,2.546517
609600,0.995947,0.818404,0.000000,0.000000,4.017120,3.119659,4.214162,2.905951,4.409369,2.719653,3.814234,2.833539,4.071568,2.544107
609920,0.996064,0.818283,0.000000,0.000000,4.015394,3.117178,4.212539,2.903393,4.408063,2.716942,3.812344,2.831183,4.069610,2.541793
610240,0.996112,0.818170,0.000000,0.000000,4.013646,3.114727,4.210877,2.900873,4.406716,2.714251,3.810436,2.828854,4.067636,2.539521
610560,0.990303,0.818127,0.000000,0.000000,4.011937,3.112220,4.209254,2.898330,4.405179,2.711633,3.808740,2.826355,4.065896,2.537047
610880,0.996517,0.818182,0.000000,0.000000,4.010239,3.109705,4.207599,2.895806,4.403505,2.709143,3.807378,2.823683,4.064388,2.534451
611200,0.992046,0.818237,0.000000,0.000000,4.008633,3.107148,4.205987,2.893251,4.401763,2.706716,3.805918,2.821075,4.062955,2.531790
611520,0.995593,0.818106,0.000000,0.000000,4.007003,3.104612,4.204340,2.890720,4.400465,2.704003,3.804136,2.818622,4.061524,2.529161
611840,0.990753,0.818181,0.000000,0.000000,4.005399,3.102048,4.202569,2.888274,4.398648,2.701614,3.802290,2.816226,4.059500,2.526947
612160,0.990884,0.818222,0.000000,0.000000,4.003598,3.099627,4.200938,2.885729,4.396706,2.699322,3.800591,2.813731,4.057898,2.524422
612480,0.993918,0.818221,0.000000,0.000000,4.002009,3.097062,4.199350,2.883159,4.395380,2.696620,3.799312,2.810993,4.056333,2.521858
612800,0.984578,0.818131,0.000000,0.000000,4.000393,3.094506,4.197740,2.880615,4.393917,2.693964,3.797484,2.808601,4.054819,2.519274
613120,0.990718,0.818215,0.000000,0.000000,3.998711,3.092001,4.196013,2.878159,4.391926,2.691685,3.795753,2.806129,4.053239,2.516796
613440,0.991062,0.818264,0.000000,0.000000,3.997058,3.089502,4.194424,2.875591,4.390313,2.689157,3.794438,2.803439,4.051656,2.514233
613760,0.997121,0.818253,0.000000,0.000000,3.995529,3.086885,4.192872,2.873003,4.388788,2.686563,3.792682,2.800974,4.049941,2.511818
614080,0.997677,0.818287,0.000000,0.000000,3.993868,3.084526,4.190814,2.870801,4.386741,2.684351,3.790891,2.798529,4.048587,2.509134
614400,0.990469,0.818339,0.000000,0.000000,3.992185,3.082235,4.189134,2.868316,4.384896,2.681961,3.789306,2.795944,4.046640,2.506840
614720,0.972524,0.818397,0.000000,0.000000,3.990170,3.079093,4.187588,2.865718,4.383434,2.679377,3.787707,2.793403,4.045208,2.504206
615040,0.991856,0.818424,0.000000,0.000000,3.988844,3.076351,4.186085,2.863083,4.381936,2.676751,3.786005,2.790895,4.043470,2.501776
615360,0.995603,0.818458,0.000000,0.000000,3.987199,3.073595,4.184559,2.860478,4.380247,2.674257,3.784366,2.788364,4.042166,2.499080
615680,0.990940,0.818459,0.000000,0.000000,3.985760,3.070958,4.183095,2.857816,4.378907,2.671547,3.782820,2.785756,4.040232,2.496748
616000,0.995131,0.818501,0.000000,0.000000,3.984276,3.068310,4.181618,2.855182,4.377498,2.668930,3.781616,2.782990,4.038868,2.494073
616320,0.995401,0.818430,0.000000,0.000000,3.982843,3.065652,4.180195,2.852515,4.376417,2.666105,3.780334,2.780286,4.037652,2.491319
616640,0.991055,0.818373,0.000000,0.000000,3.981385,3.063017,4.178752,2.849858,4.375110,2.663384,3.778969,2.777598,4.036834,2.488403
616960,0.995421,0.818455,0.000000,0.000000,3.979972,3.060344,4.177357,2.847176,4.373496,2.660826,3.777612,2.774912,4.035206,2.485847
617280,0.996250,0.818553,0.000000,0.000000,3.978533,3.057690,4.175932,2.844518,4.371639,2.658460,3.775920,2.772408,4.033401,2.483439
617600,0.994639,0.818594,0.000000,0.000000,3.977147,3.055003,4.174551,2.841824,4.370103,2.655906,3.774447,2.769755,4.031868,2.480849
617920,0.995543,0.818566,0.000000,0.000000,3.975721,3.052326,4.173139,2.839159,4.369021,2.653105,3.773314,2.766980,4.030561,2.478139
618240,0.995579,0.818413,0.000000,0.000000,3.974352,3.049634,4.171774,2.836463,4.367972,2.650266,3.771661,2.764431,4.029331,2.475378
618560,0.995993,0.818512,0.000000,0.000000,3.972958,3.046963,4.170382,2.833786,4.366120,2.647874,3.769981,2.761923,4.027546,2.472943
618880,0.991738,0.818621,0.000000,0.000000,3.971610,3.044257,4.169048,2.831064,4.364255,2.645507,3.768394,2.759351,4.025980,2.470371
619200,0.995678,0.818682,0.000000,0.000000,3.970232,3.041579,4.167509,2.828470,4.363014,2.642764,3.767457,2.756488,4.025029,2.467594
619520,0.993050,0.818635,0.000000,0.000000,3.969069,3.038777,4.166440,2.825647,4.362392,2.639804,3.766770,2.753569,4.024215,2.464685
619840,0.992950,0.818669,0.000000,0.000000,3.967882,3.036010,4.165492,2.822795,4.361349,2.636978,3.766041,2.750662,4.023587,2.461771
620160,0.995376,0.818567,0.000000,0.000000,3.967177,3.033098,4.164984,2.819849,4.361014,2.634011,3.765354,2.747734,4.022789,2.458850
620480,0.994236,0.818480,0.000000,0.000000,3.966571,3.030159,4.164375,2.816880,4.360718,2.631045,3.764639,2.744823,4.022175,2.455935
620800,0.981014,0.818468,0.000000,0.000000,3.965999,3.027202,4.163739,2.813956,4.360196,2.628111,3.764230,2.741870,4.021986,2.452718
621120,0.956539,0.818630,0.000000,0.000000,3.966082,3.024223,4.164387,2.811041,4.360660,2.625120,3.764714,2.738346,4.023939,2.450483
621440,0.948032,0.818441,0.007137,0.005538,3.967583,3.021466,4.169341,2.808244,4.363008,2.623088,3.766590,2.735955,4.026022,2.448408
621760,0.990452,0.818263,0.000740,0.000599,3.970276,3.019909,4.172012,2.806820,4.365601,2.621388,3.769194,2.734423,4.027968,2.446194
622080,0.993026,0.818518,0.032327,0.026276,3.973120,3.018809,4.174785,2.805657,4.368354,2.620150,3.772058,2.733711,4.030921,2.446165
622400,0.997177,0.818394,0.047674,0.038906,3.976178,3.018737,4.177739,2.806180,4.371371,2.620162,3.775035,2.733920,4.033895,2.445679
622720,0.996410,0.818476,0.065077,0.053073,3.979176,3.019203,4.180668,2.806815,4.374366,2.620458,3.777998,2.734460,4.036729,2.446686
623040,0.999368,0.818567,0.076173,0.062313,3.982071,3.020191,4.183310,2.808337,4.377175,2.621704,3.780742,2.735744,4.040147,2.448067
623360,0.964937,0.818847,0.088461,0.069896,3.984811,3.021640,4.185622,2.810279,4.379740,2.623400,3.783899,2.737216,4.042120,2.450258
623680,0.962665,0.819065,0.086539,0.068235,3.987114,3.023623,4.187079,2.812825,4.381360,2.625915,3.785632,2.739638,4.041806,2.453195
624000,0.998104,0.819161,0.090037,0.073615,3.988121,3.026477,4.187282,2.815805,4.381674,2.628938,3.786036,2.742618,4.042206,2.456136
624320,0.997940,0.819156,0.083730,0.068446,3.988529,3.029484,4.187301,2.818772,4.382083,2.631927,3.786352,2.745623,4.042128,2.459117
624640,0.999616,0.819156,0.084566,0.069246,3.988723,3.032486,4.187189,2.821756,4.382097,2.634916,3.786279,2.748603,4.042160,2.462099
624960,0.999784,0.819156,0.080678,0.066073,3.988723,3.035495,4.187022,2.824738,4.381977,2.637917,3.786152,2.751573,4.041918,2.465075
625280,0.999821,0.819174,0.080188,0.065676,3.988673,3.038484,4.186879,2.827714,4.381800,2.640888,3.786050,2.754542,4.041698,2.468064
625600,0.999767,0.819205,0.079725,0.065296,3.988555,3.041467,4.186661,2.830685,4.381527,2.643861,3.785874,2.757531,4.041628,2.471037
625920,0.999746,0.819226,0.081711,0.066922,3.988430,3.044451,4.186465,2.833655,4.381274,2.646830,3.785721,2.760502,4.041360,2.474009
626240,0.999669,0.819248,0.078465,0.064261,3.988231,3.047436,4.186207,2.836623,4.380936,2.649788,3.785500,2.763469,4.041029,2.476977
626560,0.999706,0.819273,0.078825,0.064560,3.988060,3.050410,4.185968,2.839587,4.380637,2.652775,3.785296,2.766446,4.040735,2.479949
626880,0.992789,0.819296,0.077242,0.062828,3.987813,3.053379,4.185667,2.842545,4.380311,2.655743,3.785033,2.769414,4.040532,2.482930
627200,0.999772,0.819304,0.081148,0.066469,3.987575,3.056363,4.185380,2.845506,4.380025,2.658708,3.784794,2.772376,4.040278,2.485886
627520,0.999790,0.819310,0.077339,0.063351,3.987270,3.059331,4.185031,2.848475,4.379694,2.661675,3.784490,2.775340,4.039899,2.488848
627840,0.999751,0.819320,0.080711,0.066112,3.986988,3.062296,4.184703,2.851447,4.379390,2.664651,3.784212,2.778315,4.039551,2.491822
628160,0.999736,0.819324,0.076669,0.062800,3.986644,3.065258,4.184309,2.854414,4.379025,2.667609,3.783852,2.781286,4.039146,2.494788
628480,0.993833,0.819330,0.076889,0.062609,3.986308,3.068228,4.183924,2.857379,4.378676,2.670580,3.783513,2.784255,4.038699,2.497773
628800,0.986700,0.819340,0.079691,0.064426,3.985911,3.071188,4.183474,2.860334,4.378266,2.673534,3.783119,2.787220,4.038457,2.500716
629120,0.989427,0.819242,0.077049,0.062455,3.985531,3.074155,4.183045,2.863296,4.378373,2.676509,3.782734,2.790182,4.038324,2.503668
629440,0.998559,0.819232,0.074144,0.060653,3.985077,3.077107,4.182540,2.866243,4.377645,2.679435,3.782272,2.793137,4.037145,2.506394
629760,0.990238,0.819229,0.084606,0.068635,3.984649,3.080075,4.182109,2.869198,4.377385,2.682409,3.781866,2.796100,4.038016,2.509285
630080,0.998459,0.819156,0.081981,0.067051,3.984512,3.083083,4.182343,2.872185,4.377576,2.685404,3.781947,2.799085,4.037650,2.512258
630400,0.993275,0.818883,0.082617,0.067199,3.984302,3.087256,4.182276,2.875190,4.377517,2.688384,3.781796,2.802111,4.038008,2.515255
630720,0.997414,0.818908,0.078469,0.064092,3.984139,3.089983,4.181884,2.878145,4.377387,2.691374,3.781498,2.805070,4.037463,2.518214
631040,0.999657,0.818956,0.079728,0.065271,3.983947,3.092968,4.181511,2.881111,4.376941,2.694337,3.781219,2.808050,4.037164,2.521195
631360,0.999675,0.818985,0.076216,0.062400,3.983735,3.095936,4.181082,2.884068,4.376494,2.697293,3.780882,2.811012,4.036599,2.524145
631680,0.999653,0.819018,0.079951,0.065459,3.983538,3.098912,4.180678,2.887023,4.376077,2.700256,3.780567,2.813996,4.036254,2.527107
632000,0.999593,0.819053,0.075160,0.061535,3.983282,3.101873,4.180206,2.889971,4.375589,2.703196,3.780187,2.816961,4.035838,2.530054
632320,0.999603,0.819096,0.079222,0.064864,3.983054,3.104840,4.179758,2.892923,4.375109,2.706149,3.779839,2.819920,4.035439,2.533017
632640,0.999637,0.819128,0.074743,0.061202,3.982753,3.107805,4.179257,2.895860,4.374567,2.709100,3.779436,2.822869,4.034790,2.535954
632960,0.993133,0.819135,0.073141,0.059501,3.982142,3.110859,4.178771,2.898800,4.374039,2.712055,3.779051,2.825826,4.034368,2.538918
633280,0.993932,0.819149,0.068999,0.056178,3.980811,3.113555,4.178226,2.901744,4.373447,2.714986,3.778537,2.828781,4.033679,2.541844
633600,0.994313,0.819123,0.072944,0.059410,3.979496,3.116278,4.177697,2.904693,4.372851,2.717930,3.777788,2.831719,4.033233,2.544801
633920,0.998903,0.819102,0.071615,0.058595,3.978791,3.119159,4.177104,2.907640,4.372192,2.720851,3.776997,2.834614,4.032725,2.547742
634240,0.998873,0.819076,0.072318,0.059167,3.978435,3.122123,4.176523,2.910579,4.371544,2.723774,3.776226,2.837518,4.032026,2.550671
634560,0.998909,0.819066,0.070822,0.057944,3.978008,3.125085,4.175869,2.913499,4.370824,2.726682,3.775396,2.840413,4.031477,2.553617
634880,0.998949,0.819044,0.075773,0.061996,3.977614,3.128049,4.175237,2.916445,4.370135,2.729608,3.774595,2.843325,4.030764,2.556546
635200,0.991834,0.819049,0.070732,0.057460,3.977169,3.130988,4.174556,2.919361,4.369396,2.732527,3.773771,2.846213,4.030136,2.559518
635520,0.999381,0.819053,0.075620,0.061898,3.976743,3.133945,4.173891,2.922301,4.368683,2.735433,3.773073,2.849149,4.029469,2.562423
635840,0.994070,0.819057,0.066074,0.053797,3.975804,3.136817,4.173168,2.925208,4.367925,2.738325,3.772370,2.852057,4.028677,2.565332
636160,0.993991,0.819078,0.067610,0.055045,3.974381,3.139483,4.172452,2.928129,4.367186,2.741234,3.771683,2.854997,4.027923,2.568247
636480,0.993855,0.819114,0.067350,0.054828,3.973269,3.142254,4.171686,2.931037,4.366378,2.744122,3.770951,2.857901,4.027251,2.571199
636800,0.999300,0.819128,0.072508,0.059351,3.972346,3.145125,4.170943,2.933952,4.365579,2.747023,3.770238,2.860834,4.026546,2.574092
637120,0.999413,0.819142,0.066720,0.054621,3.971392,3.147976,4.170128,2.936846,4.364728,2.749893,3.769463,2.863737,4.025704,2.576983
637440,0.999339,0.819156,0.071705,0.058699,3.970455,3.150854,4.169309,2.939762,4.363892,2.752784,3.768703,2.866647,4.024886,2.579892
637760,0.993993,0.819145,0.061199,0.049830,3.969455,3.153697,4.168413,2.942638,4.363010,2.755659,3.767889,2.869543,4.023757,2.582678
638080,0.981582,0.819171,0.074810,0.060154,3.968481,3.156564,4.167514,2.945526,4.362207,2.758546,3.767101,2.872456,4.023445,2.585586
638400,0.993456,0.819051,0.060846,0.049510,3.967455,3.159392,4.166544,2.948367,4.361905,2.761496,3.766266,2.875335,4.022408,2.588393
638720,0.993891,0.819035,0.068546,0.055799,3.966486,3.162248,4.165591,2.951228,4.361148,2.764417,3.765435,2.878239,4.021393,2.591246
639040,0.983973,0.819030,0.064074,0.051638,3.966427,3.165220,4.164583,2.954058,4.360347,2.767310,3.764553,2.881103,4.020216,2.594018
639360,0.983187,0.819062,0.075796,0.061038,3.966101,3.168220,4.163662,2.956928,4.359564,2.770224,3.763747,2.884005,4.019874,2.596918
639680,0.991863,0.819096,0.072991,0.059300,3.965605,3.171144,4.163373,2.959899,4.358863,2.773170,3.763356,2.886965,4.019054,2.599831
640000,0.994005,0.819166,0.074337,0.060529,3.964976,3.174081,4.162796,2.962844,4.358165,2.776031,3.762887,2.889913,4.018935,2.602834
640320,0.999120,0.819122,0.077886,0.063742,3.964386,3.177018,4.162233,2.965791,4.357817,2.778992,3.762430,2.892869,4.018151,2.605717
640640,0.994237,0.819090,0.069246,0.056392,3.963731,3.179947,4.161614,2.968725,4.357398,2.781941,3.761912,2.895818,4.017384,2.608626
640960,0.985345,0.819091,0.079262,0.063971,3.963089,3.182880,4.161022,2.971655,4.357008,2.784905,3.761427,2.898772,4.017471,2.611563
641280,0.972916,0.819073,0.066440,0.052945,3.962386,3.185799,4.160378,2.974582,4.356505,2.787874,3.760880,2.901710,4.016735,2.614462
641600,0.991887,0.819168,0.063608,0.051683,3.961514,3.188684,4.159182,2.977352,4.355110,2.790571,3.759939,2.904581,4.015784,2.617220
641920,0.999146,0.819139,0.064388,0.052697,3.960346,3.191471,4.158067,2.980155,4.354039,2.793369,3.758891,2.907426,4.014356,2.619912
642240,0.993714,0.819154,0.060229,0.049027,3.959132,3.194233,4.156888,2.982920,4.353038,2.796211,3.757810,2.910232,4.013392,2.622783
642560,0.993984,0.819162,0.061525,0.050096,3.957939,3.197008,4.155735,2.985711,4.351862,2.799009,3.756736,2.913074,4.012104,2.625518
642880,0.986205,0.819181,0.053392,0.043134,3.956626,3.199757,4.154130,2.988242,4.350204,2.801547,3.755016,2.915563,4.011051,2.628252
643200,0.971613,0.819157,0.037555,0.029890,3.954930,3.202248,4.152466,2.990760,4.348613,2.804126,3.753404,2.918122,4.009274,2.630660
643520,0.943938,0.818711,0.007884,0.006092,3.953049,3.204604,4.150300,2.992836,4.346172,2.805865,3.751132,2.920035,4.006322,2.630887
643840,0.952537,0.817989,0.000000,0.000000,3.950381,3.205878,4.147388,2.993300,4.343219,2.805484,3.748204,2.920450,4.004141,2.628849
644160,0.934657,0.817738,0.000000,0.000000,3.947533,3.204818,4.144895,2.991587,4.340821,2.803639,3.745168,2.917835,4.001564,2.627452
644480,0.987490,0.818020,0.000000,0.000000,3.945527,3.202509,4.142681,2.989521,4.338347,2.801924,3.742874,2.915684,3.998863,2.626179
644800,0.999345,0.817891,0.000000,0.000000,3.943587,3.200137,4.140728,2.987217,4.336454,2.799604,3.740665,2.912917,3.997736,2.623396
645120,0.993861,0.817871,0.000000,0.000000,3.942068,3.197495,4.139323,2.984545,4.335051,2.796923,3.739149,2.910306,3.996130,2.620840
645440,0.993594,0.817867,0.000000,0.000000,3.940652,3.194818,4.138028,2.981835,4.333662,2.794248,3.737789,2.907607,3.994808,2.618138
645760,0.999668,0.817952,0.000000,0.000000,3.939719,3.191929,4.137262,2.978945,4.332640,2.791410,3.737103,2.904704,3.993527,2.615416
646080,0.968781,0.817926,0.000000,0.000000,3.939023,3.189012,4.136564,2.976025,4.332118,2.788482,3.736505,2.901764,3.993785,2.612311
646400,0.914281,0.818199,0.002662,0.001992,3.938826,3.186035,4.136890,2.973022,4.333014,2.785629,3.737341,2.898896,3.996113,2.610493
646720,0.950726,0.818889,0.012065,0.009393,3.939959,3.183233,4.138753,2.970171,4.335188,2.783636,3.739471,2.896843,3.999092,2.610753
647040,0.968373,0.818832,0.017456,0.013842,3.942422,3.181175,4.144725,2.967861,4.338227,2.782852,3.742311,2.895675,4.001820,2.609508
647360,0.994483,0.818236,0.006507,0.005295,3.945452,3.179986,4.149328,2.967380,4.341254,2.781750,3.745222,2.894637,4.003610,2.606662
647680,0.990331,0.818364,0.013231,0.010723,3.948358,3.178775,4.151836,2.965684,4.343965,2.780246,3.747920,2.893278,4.006796,2.605800
648000,0.986344,0.818463,0.018163,0.014663,3.951301,3.177697,4.155246,2.964630,4.346951,2.779312,3.750904,2.892684,4.010095,2.605285
648320,0.976479,0.818503,0.030161,0.024106,3.954447,3.177131,4.158152,2.963712,4.349900,2.778198,3.753894,2.892186,4.012994,2.604877
648640,0.987302,0.818334,0.049337,0.039861,3.957748,3.176639,4.163048,2.963709,4.353176,2.777957,3.757015,2.892169,4.016435,2.604463
648960,0.993734,0.818485,0.035529,0.028898,3.960928,3.176594,4.166018,2.963395,4.356308,2.777795,3.760726,2.891827,4.019751,2.604388
